-- phpMyAdmin SQL Dump
-- version 4.3.8
-- http://www.phpmyadmin.net
--
-- Host: localhost
-- Generation Time: Jun 24, 2016 at 06:09 AM
-- Server version: 5.5.48-37.8
-- PHP Version: 5.4.31

SET SQL_MODE = "NO_AUTO_VALUE_ON_ZERO";
SET time_zone = "+00:00";


/*!40101 SET @OLD_CHARACTER_SET_CLIENT=@@CHARACTER_SET_CLIENT */;
/*!40101 SET @OLD_CHARACTER_SET_RESULTS=@@CHARACTER_SET_RESULTS */;
/*!40101 SET @OLD_COLLATION_CONNECTION=@@COLLATION_CONNECTION */;
/*!40101 SET NAMES utf8 */;

--
-- Database: `vsksamsu_derazerprevised`
--

-- --------------------------------------------------------

--
-- Table structure for table `actionplans`
--

CREATE TABLE IF NOT EXISTS `actionplans` (
  `planId` int(11) NOT NULL,
  `employeeId` int(11) NOT NULL,
  `month` int(11) NOT NULL,
  `visitDate` date NOT NULL,
  `customerId` int(11) NOT NULL,
  `purposeVisit` varchar(255) NOT NULL,
  `expectedValue` varchar(255) NOT NULL,
  `remarks` text NOT NULL,
  `dateTime` datetime NOT NULL
) ENGINE=MyISAM AUTO_INCREMENT=28 DEFAULT CHARSET=latin1;

--
-- Dumping data for table `actionplans`
--

INSERT INTO `actionplans` (`planId`, `employeeId`, `month`, `visitDate`, `customerId`, `purposeVisit`, `expectedValue`, `remarks`, `dateTime`) VALUES
(1, 7, 0, '2015-08-26', 4, 'PO collection', '200000', 'test', '2015-08-26 14:00:30'),
(2, 7, 0, '2015-08-26', 4, 'PO collection', '200000', 'test', '2015-08-26 14:01:03'),
(3, 7, 0, '0000-00-00', 0, '0', '', '', '2015-09-07 11:14:55'),
(4, 7, 10, '2015-10-14', 5, 'New enquiry', '4000', '', '2015-09-07 14:27:23'),
(5, 7, 10, '2015-10-21', 4, 'Payment collection', '5000', '', '2015-09-07 14:28:03'),
(6, 7, 9, '2015-09-15', 0, 'New enquiry', '5000', 'test', '2015-09-07 14:36:05'),
(17, 7, 10, '2015-10-01', 0, '0', '', '', '2015-09-19 10:43:59'),
(16, 7, 10, '2015-10-01', 7, 'Payment collection', '5000', 'hiii', '2015-09-19 10:31:35'),
(15, 7, 10, '2015-10-01', 0, '0', '', '', '2015-09-19 10:25:58'),
(14, 7, 10, '2015-10-01', 1, 'Follow up', '5000', '', '2015-09-19 10:25:56'),
(18, 7, 10, '2015-10-01', 0, '0', '', '', '2015-09-19 10:52:44'),
(19, 7, 10, '2015-10-01', 0, '0', '', '', '2015-09-19 10:57:59'),
(20, 7, 10, '2015-10-01', 0, '0', '', '', '2015-09-19 11:00:02'),
(21, 7, 1, '2015-01-14', 7, 'Follow up', '50000', 'testing', '2015-09-21 16:13:20'),
(22, 7, 10, '2015-10-06', 7, 'New enquiry', '500000', 'test', '2015-09-28 10:49:06'),
(23, 7, 10, '2015-10-20', 15, 'Payment collection', '50000', '', '2015-09-28 10:54:34'),
(24, 34, 11, '2015-11-10', 17, 'Follow up', '100000', 'Test\r\n', '2015-10-12 06:59:26'),
(25, 34, 11, '2015-10-08', 17, 'Payment collection', '200000', 'Test', '2015-10-12 07:00:36'),
(26, 34, 11, '2015-10-16', 18, 'Payment collection', '200000', 'Test', '2015-10-12 07:22:48'),
(27, 34, 11, '2015-10-13', 17, 'Payment collection', '200000', 'Test', '2015-10-12 07:24:13');

-- --------------------------------------------------------

--
-- Table structure for table `available_stock`
--

CREATE TABLE IF NOT EXISTS `available_stock` (
  `autoId` int(11) NOT NULL,
  `productId` int(11) NOT NULL,
  `stock` varchar(255) NOT NULL,
  `dateTime` datetime NOT NULL
) ENGINE=MyISAM AUTO_INCREMENT=133 DEFAULT CHARSET=latin1;

--
-- Dumping data for table `available_stock`
--

INSERT INTO `available_stock` (`autoId`, `productId`, `stock`, `dateTime`) VALUES
(1, 22, '0', '0000-00-00 00:00:00'),
(2, 23, '0', '0000-00-00 00:00:00'),
(3, 24, '0', '0000-00-00 00:00:00'),
(4, 25, '0', '0000-00-00 00:00:00'),
(5, 26, '400', '0000-00-00 00:00:00'),
(6, 29, '0', '0000-00-00 00:00:00'),
(7, 30, '0', '0000-00-00 00:00:00'),
(8, 31, '0', '0000-00-00 00:00:00'),
(9, 32, '0', '0000-00-00 00:00:00'),
(10, 33, '0', '0000-00-00 00:00:00'),
(11, 34, '0', '0000-00-00 00:00:00'),
(12, 35, '0', '0000-00-00 00:00:00'),
(13, 38, '0', '0000-00-00 00:00:00'),
(14, 39, '0', '0000-00-00 00:00:00'),
(15, 150, '0', '0000-00-00 00:00:00'),
(16, 45, '5000', '0000-00-00 00:00:00'),
(17, 46, '0', '0000-00-00 00:00:00'),
(18, 47, '1000', '0000-00-00 00:00:00'),
(19, 48, '0', '0000-00-00 00:00:00'),
(20, 49, '650', '0000-00-00 00:00:00'),
(21, 50, '0', '0000-00-00 00:00:00'),
(22, 51, '0', '0000-00-00 00:00:00'),
(23, 52, '0', '0000-00-00 00:00:00'),
(24, 53, '0', '0000-00-00 00:00:00'),
(25, 54, '4000', '0000-00-00 00:00:00'),
(26, 55, '0', '0000-00-00 00:00:00'),
(27, 56, '0', '0000-00-00 00:00:00'),
(28, 57, '0', '0000-00-00 00:00:00'),
(29, 58, '0', '0000-00-00 00:00:00'),
(30, 59, '0', '0000-00-00 00:00:00'),
(31, 60, '0', '0000-00-00 00:00:00'),
(32, 61, '0', '0000-00-00 00:00:00'),
(33, 62, '0', '0000-00-00 00:00:00'),
(34, 63, '0', '0000-00-00 00:00:00'),
(35, 64, '0', '0000-00-00 00:00:00'),
(36, 65, '0', '0000-00-00 00:00:00'),
(37, 66, '5000', '0000-00-00 00:00:00'),
(38, 67, '5500', '0000-00-00 00:00:00'),
(39, 68, '2900', '0000-00-00 00:00:00'),
(40, 69, '1250', '0000-00-00 00:00:00'),
(41, 70, '3400', '0000-00-00 00:00:00'),
(42, 71, '2900', '0000-00-00 00:00:00'),
(43, 72, '1350', '0000-00-00 00:00:00'),
(44, 73, '1300', '0000-00-00 00:00:00'),
(45, 74, '2000', '0000-00-00 00:00:00'),
(46, 75, '3600', '0000-00-00 00:00:00'),
(47, 76, '12000', '0000-00-00 00:00:00'),
(48, 77, '2500', '0000-00-00 00:00:00'),
(49, 78, '1800', '0000-00-00 00:00:00'),
(50, 79, '1000', '0000-00-00 00:00:00'),
(51, 80, '4300', '0000-00-00 00:00:00'),
(52, 81, '1200', '0000-00-00 00:00:00'),
(53, 82, '5000', '0000-00-00 00:00:00'),
(54, 83, '3600', '0000-00-00 00:00:00'),
(55, 84, '5000', '0000-00-00 00:00:00'),
(56, 85, '4200', '0000-00-00 00:00:00'),
(57, 86, '3000', '0000-00-00 00:00:00'),
(58, 87, '630', '0000-00-00 00:00:00'),
(59, 88, '470', '0000-00-00 00:00:00'),
(60, 89, '4500', '0000-00-00 00:00:00'),
(61, 90, '11000', '0000-00-00 00:00:00'),
(62, 91, '1300', '0000-00-00 00:00:00'),
(63, 92, '3450', '0000-00-00 00:00:00'),
(64, 93, '900', '0000-00-00 00:00:00'),
(65, 94, '3200', '0000-00-00 00:00:00'),
(66, 95, '3220', '0000-00-00 00:00:00'),
(67, 96, '2300', '0000-00-00 00:00:00'),
(68, 97, '400', '0000-00-00 00:00:00'),
(69, 98, '0', '0000-00-00 00:00:00'),
(70, 99, '0', '0000-00-00 00:00:00'),
(71, 100, '0', '0000-00-00 00:00:00'),
(72, 101, '0', '0000-00-00 00:00:00'),
(73, 102, '0', '0000-00-00 00:00:00'),
(74, 103, '0', '0000-00-00 00:00:00'),
(75, 104, '0', '0000-00-00 00:00:00'),
(76, 105, '0', '0000-00-00 00:00:00'),
(77, 106, '0', '0000-00-00 00:00:00'),
(78, 107, '0', '0000-00-00 00:00:00'),
(79, 108, '0', '0000-00-00 00:00:00'),
(80, 109, '0', '0000-00-00 00:00:00'),
(81, 110, '0', '0000-00-00 00:00:00'),
(82, 111, '0', '0000-00-00 00:00:00'),
(83, 112, '0', '0000-00-00 00:00:00'),
(84, 113, '0', '0000-00-00 00:00:00'),
(85, 114, '0', '0000-00-00 00:00:00'),
(86, 115, '0', '0000-00-00 00:00:00'),
(87, 116, '0', '0000-00-00 00:00:00'),
(88, 117, '0', '0000-00-00 00:00:00'),
(89, 118, '0', '0000-00-00 00:00:00'),
(90, 119, '0', '0000-00-00 00:00:00'),
(91, 120, '0', '0000-00-00 00:00:00'),
(92, 121, '0', '0000-00-00 00:00:00'),
(93, 122, '0', '0000-00-00 00:00:00'),
(94, 123, '0', '0000-00-00 00:00:00'),
(95, 124, '0', '0000-00-00 00:00:00'),
(96, 125, '0', '0000-00-00 00:00:00'),
(97, 126, '0', '0000-00-00 00:00:00'),
(98, 127, '0', '0000-00-00 00:00:00'),
(99, 128, '0', '0000-00-00 00:00:00'),
(100, 129, '0', '0000-00-00 00:00:00'),
(101, 130, '0', '0000-00-00 00:00:00'),
(102, 131, '0', '0000-00-00 00:00:00'),
(103, 132, '0', '0000-00-00 00:00:00'),
(104, 133, '0', '0000-00-00 00:00:00'),
(105, 134, '0', '0000-00-00 00:00:00'),
(106, 135, '0', '0000-00-00 00:00:00'),
(107, 136, '0', '0000-00-00 00:00:00'),
(108, 137, '0', '0000-00-00 00:00:00'),
(109, 138, '0', '0000-00-00 00:00:00'),
(110, 139, '0', '0000-00-00 00:00:00'),
(111, 139, '50', '2015-10-14 03:21:36'),
(112, 68, '3100', '2015-10-14 03:21:36'),
(113, 113, '450', '2015-10-14 03:22:20'),
(114, 137, '1400', '2015-10-14 03:23:54'),
(115, 139, '4050', '2015-10-14 03:23:54'),
(116, 76, '14000', '2015-10-14 03:23:54'),
(117, 129, '20', '2015-10-21 00:30:12'),
(118, 78, '1900', '2015-10-21 00:30:12'),
(119, 105, '400', '2015-10-21 00:30:12'),
(120, 126, '20', '2015-10-27 00:58:29'),
(121, 114, '10', '2015-10-27 00:58:29'),
(122, 136, '40', '2015-10-27 01:01:22'),
(123, 103, '20', '2015-10-27 01:01:22'),
(124, 130, '100', '2015-10-27 06:29:47'),
(125, 55, '20', '2015-10-27 06:29:47'),
(126, 128, '10', '2015-10-27 07:21:22'),
(127, 129, '1020', '2015-10-31 02:57:21'),
(128, 76, '14500', '2015-10-31 02:57:21'),
(129, 140, '2', '2015-11-05 23:34:00'),
(130, 140, '1002', '2015-11-05 23:35:08'),
(131, 140, '1004', '2015-11-07 04:47:25'),
(132, 144, '15', '2015-11-07 04:59:22');

-- --------------------------------------------------------

--
-- Table structure for table `branches`
--

CREATE TABLE IF NOT EXISTS `branches` (
  `branchId` int(11) NOT NULL,
  `branch` varchar(255) COLLATE utf8_unicode_ci NOT NULL
) ENGINE=MyISAM AUTO_INCREMENT=5 DEFAULT CHARSET=utf8 COLLATE=utf8_unicode_ci;

--
-- Dumping data for table `branches`
--

INSERT INTO `branches` (`branchId`, `branch`) VALUES
(1, 'Hyderabad'),
(2, 'Chennai'),
(3, 'Vijayawada'),
(4, 'Nellore');

-- --------------------------------------------------------

--
-- Table structure for table `brands`
--

CREATE TABLE IF NOT EXISTS `brands` (
  `id` int(11) NOT NULL,
  `brand` varchar(255) NOT NULL,
  `status` tinyint(4) NOT NULL DEFAULT '1',
  `addedBy` varchar(255) NOT NULL,
  `dateTime` datetime NOT NULL
) ENGINE=MyISAM AUTO_INCREMENT=25 DEFAULT CHARSET=latin1;

--
-- Dumping data for table `brands`
--

INSERT INTO `brands` (`id`, `brand`, `status`, `addedBy`, `dateTime`) VALUES
(20, 'INTERVALVE', 1, '1', '2015-10-06 07:59:38'),
(13, 'KSB', 1, '1', '2015-10-02 00:28:32'),
(19, 'POSITIVE DISPLEASURE PUMPS', 1, '1', '2015-10-06 07:38:32'),
(23, 'ATLAS COPCO', 1, '1', '2015-10-06 08:13:20'),
(16, 'OKS', 1, '1', '2015-10-02 02:21:08'),
(17, '3M', 1, '1', '2015-10-02 02:40:02'),
(18, 'ION EXCHANGE', 1, '1', '2015-10-02 05:19:35'),
(21, 'SIEMENS', 1, '1', '2015-10-06 08:07:56'),
(24, 'CG', 1, '1', '2015-10-06 08:34:31');

-- --------------------------------------------------------

--
-- Table structure for table `categories`
--

CREATE TABLE IF NOT EXISTS `categories` (
  `id` int(11) NOT NULL,
  `category` varchar(255) NOT NULL,
  `status` tinyint(4) NOT NULL DEFAULT '1',
  `addedBy` varchar(255) NOT NULL,
  `subTable` varchar(255) NOT NULL,
  `dateTime` datetime NOT NULL
) ENGINE=MyISAM AUTO_INCREMENT=30 DEFAULT CHARSET=latin1;

--
-- Dumping data for table `categories`
--

INSERT INTO `categories` (`id`, `category`, `status`, `addedBy`, `subTable`, `dateTime`) VALUES
(13, 'Valves', 1, '1', '', '0000-00-00 00:00:00'),
(14, 'Electric Motors & Spares', 1, '1', '', '0000-00-00 00:00:00'),
(15, 'Water Treatment Plants & Spares', 1, '1', '', '0000-00-00 00:00:00'),
(16, 'Air Compressors & Spares', 1, '1', '', '0000-00-00 00:00:00'),
(17, 'Speciality Lubricants', 1, '1', '', '0000-00-00 00:00:00'),
(12, 'Pumps, Systems & Spares', 1, '1', '', '0000-00-00 00:00:00'),
(18, 'Industrial Special Adhesives', 1, '1', '', '0000-00-00 00:00:00');

-- --------------------------------------------------------

--
-- Table structure for table `category_brands`
--

CREATE TABLE IF NOT EXISTS `category_brands` (
  `autoId` int(11) NOT NULL,
  `categoryId` int(11) NOT NULL,
  `brandId` int(11) NOT NULL
) ENGINE=MyISAM AUTO_INCREMENT=35 DEFAULT CHARSET=latin1;

--
-- Dumping data for table `category_brands`
--

INSERT INTO `category_brands` (`autoId`, `categoryId`, `brandId`) VALUES
(24, 13, 13),
(29, 15, 18),
(7, 29, 8),
(8, 29, 4),
(34, 14, 24),
(28, 18, 17),
(27, 17, 16),
(32, 14, 21),
(31, 13, 20),
(30, 12, 19),
(26, 16, 15),
(33, 16, 23),
(23, 12, 13);

-- --------------------------------------------------------

--
-- Table structure for table `collections`
--

CREATE TABLE IF NOT EXISTS `collections` (
  `id` int(11) NOT NULL,
  `invoiceId` int(11) NOT NULL,
  `paymentType` int(11) NOT NULL,
  `amount` varchar(255) NOT NULL,
  `paidDate` date NOT NULL,
  `dateTime` datetime NOT NULL
) ENGINE=MyISAM AUTO_INCREMENT=97 DEFAULT CHARSET=latin1;

--
-- Dumping data for table `collections`
--

INSERT INTO `collections` (`id`, `invoiceId`, `paymentType`, `amount`, `paidDate`, `dateTime`) VALUES
(88, 32, 6, '500', '2015-11-16', '2015-11-16 06:10:53'),
(87, 32, 6, '400', '2015-11-09', '2015-11-16 06:09:48'),
(86, 32, 7, '1000', '2015-11-16', '2015-11-16 06:09:27'),
(85, 32, 6, '100', '2015-11-16', '2015-11-16 06:07:03'),
(84, 32, 7, '500', '2015-11-16', '2015-11-16 06:06:16'),
(83, 32, 6, '200', '2015-11-16', '2015-11-16 06:05:33'),
(82, 32, 6, '10000', '2015-11-16', '2015-11-16 06:00:36'),
(81, 31, 7, '50000', '2015-11-16', '2015-11-16 03:46:33'),
(80, 29, 6, '20000', '2015-11-16', '2015-11-16 03:27:25'),
(79, 30, 6, '34625', '2015-11-16', '2015-11-16 03:01:02'),
(78, 26, 5, '55000', '2015-11-16', '2015-11-16 02:57:12'),
(77, 30, 6, '2000', '2015-11-16', '2015-11-16 01:52:38'),
(76, 30, 5, '50000', '2015-11-16', '2015-11-16 01:35:20'),
(74, 26, 6, '100000', '2015-11-16', '2015-11-15 23:54:28'),
(75, 26, 6, '1000000', '2015-11-16', '2015-11-15 23:55:42'),
(89, 32, 6, '500', '2015-11-16', '2015-11-16 06:12:40'),
(90, 32, 6, '500', '2015-11-16', '2015-11-16 06:12:47'),
(91, 32, 6, '34', '2015-11-16', '2015-11-16 06:13:31'),
(92, 32, 7, '76268', '2015-11-16', '2015-11-16 06:14:54'),
(93, 34, 6, '3000', '2015-11-17', '2015-11-17 03:05:59'),
(94, 37, 6, '5000', '2016-06-09', '2016-06-10 02:44:42'),
(95, 38, 6, '8000', '2016-06-10', '2016-06-10 02:45:00'),
(96, 45, 7, '5000', '2016-06-15', '2016-06-14 23:32:42');

-- --------------------------------------------------------

--
-- Table structure for table `customers`
--

CREATE TABLE IF NOT EXISTS `customers` (
  `customerId` int(11) NOT NULL,
  `customerNumber` varchar(255) NOT NULL,
  `company` varchar(255) NOT NULL,
  `location` varchar(255) NOT NULL,
  `contactPerson` varchar(255) NOT NULL,
  `designation` varchar(255) NOT NULL,
  `email` varchar(255) NOT NULL,
  `phone` varchar(255) NOT NULL,
  `contactPerson1` varchar(255) NOT NULL,
  `designation1` varchar(255) NOT NULL,
  `email1` varchar(255) NOT NULL,
  `phone1` varchar(255) NOT NULL,
  `address` text NOT NULL,
  `status` enum('0','1') NOT NULL DEFAULT '1',
  `dateTime` datetime NOT NULL,
  `addedBy` int(11) NOT NULL
) ENGINE=MyISAM AUTO_INCREMENT=47 DEFAULT CHARSET=latin1;

--
-- Dumping data for table `customers`
--

INSERT INTO `customers` (`customerId`, `customerNumber`, `company`, `location`, `contactPerson`, `designation`, `email`, `phone`, `contactPerson1`, `designation1`, `email1`, `phone1`, `address`, `status`, `dateTime`, `addedBy`) VALUES
(1, '1000', 'chander technologies', 'hyderabad', 'ishan', 'jr.asst', 'mothkooriramchander@gmail.com', '99999999', '', '', '', '', 'h.no:4-25-2/2,\r\nOU campus road,\r\nvidyanagar,\r\nhyderabad-44', '1', '0000-00-00 00:00:00', 1),
(2, '1001', 'Ravi solutions ', 'hyderabad', 'chander', 'general manager', 'gm@gmail.com', '999999999', '', '', '', '', 'hyderabad', '1', '0000-00-00 00:00:00', 1),
(4, '1002', 'meghana tech', 'hyderabad', 'arvind', 'ceo', 'arvind@gmail.com', '7485748574', '', '', '', '', 'testing', '1', '2015-08-17 00:00:00', 1),
(5, '1003', 'mahendra labs', 'hyderabad', 'eshwar', 'manager', 'eshwar@gmail.com', '7485858512', 'kumar', 'accounts', 'kumar@gmail.com', '9539152478', 'testing\r\n', '1', '2015-08-21 00:00:00', 1),
(7, '1003', 'jeeva manufacturers', 'hyderabad', 'anil', 'hr', 'anil@jeeva.com', '7485748574', 'kiran', 'finance', 'kiran@gmail.com', '1524623525', 'test', '1', '2015-09-09 11:39:17', 7),
(10, '1003', 'smriti technologies', 'hyderabad', 'smriti', 'ceo', 'smriti@smriti.com', '1524152414', 'surya', 'hr', 'surya@smriti.com', '1524362635', 'testing', '1', '2015-09-14 10:46:36', 1),
(15, '1003', 'smrithi technologies', 'hyderabad', 'amrit', 'ceo', 'amrit@gmail.com', '7485748574', 'ashok', 'hr', 'ashok@gmail.com', '7485748574', 'testing', '1', '2015-09-28 10:41:17', 7),
(14, '1003', 'maruthi industries', 'ed', 'mahesh', 'hr ', 'mahesh@gmail.com', '7485748574', 'ram', 'operations', 'ram@gmail.com', '4152415252', 'testin', '1', '2015-09-26 12:01:38', 1),
(18, '1003', 'Wipro Private Ltd', 'Hyderabad', 'sudeer', 'Manager', 'sudeer.wipro@gmail.com', '9000334433', 'raj', 'HR', 'raj.wipro@gmail.com', '9000332222', 'hyderabad', '1', '2015-10-12 06:51:03', 34),
(17, '1003', 'IBM Private LTD', 'Bangalore', 'Ajith', 'Manager', 'ajith.ibm@gmail.com', '9884477333', 'Ram', 'HR', 'ram.ibm@gmail.com', '9676332244', 'Bangalore', '1', '2015-10-12 06:47:55', 34),
(25, '1003', 'NTPC', 'Hyderabad', 'P K Sharma', 'FM', 'fm@ntpc.com', '9885478856', '', '', '', '', 'Jeedimetla, Hyderabad', '1', '2015-10-13 03:19:02', 22),
(20, '1003', 'Valuelabs Private Limited', 'Hyderabad', 'Arjun', 'Senior Manager', 'arjun.valuelabs@gmail.com', '90003333', 'Rahul', 'HR', 'rahul.valuelabs@gmail.com', '9000555444', 'hyderabad', '1', '2015-10-12 08:37:39', 34),
(21, '1003', 'zend technologies', 'hyderabad', 'sreenivas', 'sales manager', 'sreenivas@gmail.com', '7485968596', 'kumar', 'sales executive', 'kumar@gmail.com', '1425362536', 'h.no # 1-2-123, basheer bagh', '1', '2015-10-12 23:49:52', 1),
(24, '1003', 'krish solutions', 'hyderabad', 'krish', 'hr manager', 'krish@gmail.com', '7485748574', '', '', '', '', 'flat # 505, indira estates, ramanthapur', '1', '2015-10-13 01:05:49', 34),
(26, '1003', 'Aurobindo Pharma', 'Jeedimetla', 'KK Nayar', 'Purchase manager', 'nayar@aurobindo.com', '040-23763241', '', '', '', '', 'Jeedimetla IDA, Hyderabad', '1', '2015-10-13 03:20:37', 22),
(27, '1003', 'Eyton Labs', 'Cherlapally', 'Agarwal V', 'Plant director', 'agarwal@eytonlabs.com', '040-27718942', 'Ramesh kumar', 'secretary', 'ramesh@eytonlabs.com', '040-27718942', 'Medhal, Hyderabad', '1', '2015-10-13 03:22:41', 22),
(28, '1003', 'Agarwal industires', 'Kaatedan', 'Ravi Kumar', 'Manager', 'agarwalind@gmail.com', '9246593567', '', '', '', '', 'Kaatedaan IDA, Saroor nagar, Hyderabad', '1', '2015-10-13 03:33:53', 22),
(29, '1003', 'BHEL', 'Lingampally', 'rajan', 'Purchase head', 'rajan1@gmail.com', '040-23574563', '', '', '', '', 'Lingampally, BHEL', '1', '2015-10-14 07:17:35', 22),
(31, '1003', 'gen technologies', 'hyderabad', 'ajay', 'finance', 'ajay@gen.com', '8495516262', '', '', '', '', 'test', '1', '2015-10-27 07:10:55', 28),
(32, '1003', 'Cat Technologies Ltd.', 'Abids', 'Sujith', 'HR Manager', 'sujith.cat@gmail.com', '9494232344', 'Raheem', 'Manager', 'raheem.cat@gmail.com', '9573442777', 'Abids', '1', '2015-10-29 07:15:13', 28),
(33, '1003', 'Orange Technologies Ltd', 'Hyderabad', 'Raghu', 'Consultant', 'raghu.orange@gmail.com', '9885437588', 'kishore', 'HR Manager', 'kishore.orange@gmail.com', '8143564545', 'Hyderabad', '1', '2015-10-29 07:17:36', 28),
(34, '1003', 'Blue Ray Technologies Ltd.', 'Hitech City', 'Naresh', 'Senior Consultant', 'naresh.blueray@gmail.com', '9177334888', 'Ramu', 'HR Manager', 'ramu.blueray@gmail.com', '9959245246', 'Hitech City', '1', '2015-10-29 07:20:13', 28),
(35, '1003', 'Broadridge Technologies Ltd', 'Hitech city', 'Rajith', 'HR Manager', 'rajith.broadridge@gmail.com', '9703445345', 'Rambabu', 'Consultant', 'rambabu.broadridge@gmail.com', '9676442989', 'Hitech City', '1', '2015-10-30 01:52:45', 34),
(36, '1003', 'Porus Lbas', 'Madhaur', 'Madhu', 'Purchase manager', 'madhu@poruslabs.com', '988765432', '', '', '', '', 'Madhapur', '1', '2015-10-31 07:56:41', 28),
(37, '1003', 'ksk energy', 'madhapur', 'Suresh', 'Sr. Procuremnt manager', 'suresh@2ksk.com', '9887598875', 'giri', 'manager', 'giri@ksk.com', '987612345', 'madhaour', '1', '2015-10-31 08:06:39', 28),
(38, '1003', 'Vsoft Private Ltd.', 'Vidyanagar', 'srujana', 'Hr Manager', 'srujana.vsoft@gmail.com', '949458985', 'Sai', 'Senior Manager', 'sai@gmail.com', '9703876236', 'vidyanagar', '1', '2015-11-17 04:57:41', 56),
(39, '1003', 'Vsoft Private Ltd.', 'Vidyanagar', 'srujana', 'Hr Manager', 'srujana.vsoft@gmail.com', '949458985', 'Sai', 'Senior Manager', 'sai@gmail.com', '9703876236', 'vidyanagar', '1', '2015-11-17 04:57:42', 56),
(40, '1003', 'Triveni', '2-2-252', 'triveni', 'manager', 'triveni@gmail.com', '1524263525', 'rahul', 'asst manager', 'rahul@gmail.com', '1515152626', '18-45-125', '1', '2016-06-09 05:10:06', 42),
(41, '1003', 'mukesh enterprises', '4-4-444', 'mukesh', 'manager', 'mukesh@gmail.com', '7878787878', 'ramesh', 'hr', 'ramesh@gmail.com', '4851262635', '5-5-898', '1', '2016-06-13 00:19:45', 60),
(42, '1003', 'royal engineers', '7-7-858', 'pavan', 'manager', 'pavan@royal.com', '4545454545', 'karunakar', 'hr', 'karunakar@gmail.com', '9568494975', '8-8-859', '1', '2016-06-13 00:22:21', 60),
(43, '1003', 'krishna prasad', '', 'krishna ', '', 'krishna@gmail.com', '1526152626', '', '', '', '', '', '1', '2016-06-18 06:03:07', 57),
(44, '1004', 'test', '', 'test', '', 'test@test.com', '1526152626', '', '', '', '', '', '1', '2016-06-22 03:06:21', 57),
(45, '1005', 'kaushik tech', '', 'kaushik', '', 'kaushik@gmail.com', '8459632514', '', '', '', '', '', '1', '2016-06-22 04:53:56', 57),
(46, '1006', 'preethi technologies', '', 'preethi', '', 'preethi@gmail.com', '9849332212', '', '', '', '', '', '1', '2016-06-22 05:11:07', 1);

-- --------------------------------------------------------

--
-- Table structure for table `c_form`
--

CREATE TABLE IF NOT EXISTS `c_form` (
  `cformId` int(11) NOT NULL,
  `invoiceId` int(11) NOT NULL,
  `quarter` varchar(255) COLLATE utf8_unicode_ci NOT NULL,
  `status` varchar(255) COLLATE utf8_unicode_ci NOT NULL,
  `dateTime` datetime NOT NULL
) ENGINE=MyISAM AUTO_INCREMENT=10 DEFAULT CHARSET=utf8 COLLATE=utf8_unicode_ci;

--
-- Dumping data for table `c_form`
--

INSERT INTO `c_form` (`cformId`, `invoiceId`, `quarter`, `status`, `dateTime`) VALUES
(9, 25, '4', 'pending', '2015-11-14 07:13:06'),
(8, 26, '2', 'pending', '2015-11-14 07:08:28'),
(7, 25, '2', 'cleared', '2015-11-14 06:41:57');

-- --------------------------------------------------------

--
-- Table structure for table `daily_reports`
--

CREATE TABLE IF NOT EXISTS `daily_reports` (
  `reportId` int(11) NOT NULL,
  `offer` int(11) NOT NULL,
  `offerNo` varchar(255) NOT NULL,
  `offerToBeSubmitted` int(11) NOT NULL,
  `currentRevisionId` int(11) NOT NULL,
  `reportDate` date NOT NULL,
  `company` int(11) NOT NULL,
  `contactPerson` varchar(255) NOT NULL,
  `designation` varchar(255) NOT NULL,
  `phone` varchar(255) NOT NULL,
  `email` varchar(255) NOT NULL,
  `clientStatus` int(11) NOT NULL,
  `leadType` int(11) NOT NULL,
  `leadStatus` varchar(255) NOT NULL,
  `futureDate` date NOT NULL,
  `remarks` text NOT NULL,
  `po` int(11) NOT NULL,
  `poNo` varchar(255) NOT NULL,
  `poValue` varchar(255) NOT NULL,
  `discount` varchar(255) NOT NULL,
  `poDateTime` datetime NOT NULL,
  `paymentType` int(11) NOT NULL,
  `addedOn` date NOT NULL,
  `addedBy` int(11) NOT NULL,
  `total` varchar(255) NOT NULL,
  `inv` int(11) NOT NULL,
  `invoice` varchar(255) NOT NULL,
  `invoiceDateTime` datetime NOT NULL,
  `proformaInvoice` varchar(255) NOT NULL,
  `proformaInvoiceDateTime` datetime NOT NULL,
  `paymentStatus` varchar(255) NOT NULL,
  `lostDateTime` datetime NOT NULL,
  `closedDateTime` datetime NOT NULL,
  `reportType` int(11) NOT NULL,
  `source` varchar(255) NOT NULL,
  `assignTo` int(11) NOT NULL
) ENGINE=MyISAM AUTO_INCREMENT=138 DEFAULT CHARSET=latin1;

--
-- Dumping data for table `daily_reports`
--

INSERT INTO `daily_reports` (`reportId`, `offer`, `offerNo`, `offerToBeSubmitted`, `currentRevisionId`, `reportDate`, `company`, `contactPerson`, `designation`, `phone`, `email`, `clientStatus`, `leadType`, `leadStatus`, `futureDate`, `remarks`, `po`, `poNo`, `poValue`, `discount`, `poDateTime`, `paymentType`, `addedOn`, `addedBy`, `total`, `inv`, `invoice`, `invoiceDateTime`, `proformaInvoice`, `proformaInvoiceDateTime`, `paymentStatus`, `lostDateTime`, `closedDateTime`, `reportType`, `source`, `assignTo`) VALUES
(116, 1, 'ofr.test.1', 2, 0, '2015-11-16', 17, 'Ajith', 'Manager', '9884477333', 'ajith.ibm@gmail.com', 1, 1, 'Invoice generated', '2015-11-20', '', 1, 'po.test.1', '', '', '2015-11-16 05:42:36', 3, '2015-11-16', 34, '', 2, 'inv.test.11.16.1', '2015-11-16 05:46:34', '', '0000-00-00 00:00:00', '', '0000-00-00 00:00:00', '0000-00-00 00:00:00', 0, '', 0),
(117, 1, 'ofr16.2', 2, 1, '2015-11-16', 7, 'anil', 'hr', '7485748574', 'anil@jeeva.com', 1, 2, 'Invoice generated', '2015-11-26', 'Test', 1, 'PO16.2', '', '', '2015-11-16 05:51:17', 3, '2015-11-16', 7, '', 2, 'inv16.2', '2015-11-16 07:26:16', '', '0000-00-00 00:00:00', '', '0000-00-00 00:00:00', '0000-00-00 00:00:00', 0, '', 0),
(118, 1, 'ofr.17.1', 2, 0, '2015-11-17', 24, 'krish', 'hr manager', '7485748574', 'krish@gmail.com', 1, 1, 'Invoice generated', '2015-11-24', 'test', 1, 'po.17.1', '', '', '2015-11-16 23:53:44', 3, '2015-11-16', 34, '', 2, 'inv.ord.17.1', '2015-11-17 00:13:49', '', '0000-00-00 00:00:00', '', '0000-00-00 00:00:00', '0000-00-00 00:00:00', 0, '', 0),
(106, 0, '', 0, 0, '2015-11-06', 7, 'anil', 'hr', '7485748574', 'anil@jeeva.com', 1, 2, 'Follow up', '0000-00-00', 'PAYMENT', 0, '', '', '', '0000-00-00 00:00:00', 1, '2015-11-06', 7, '', 0, '', '0000-00-00 00:00:00', '', '0000-00-00 00:00:00', 'open', '0000-00-00 00:00:00', '0000-00-00 00:00:00', 0, '', 0),
(119, 1, 'ofr17.1', 2, 0, '2015-11-17', 7, 'anil', 'hr', '7485748574', 'anil@jeeva.com', 1, 2, 'Invoice generated', '2015-11-26', 'Jeeva manifactures', 1, 'po17.1', '', '', '2015-11-17 04:03:56', 3, '2015-11-17', 7, '', 2, 'inv17.1', '2015-11-17 04:10:32', '', '0000-00-00 00:00:00', '', '0000-00-00 00:00:00', '0000-00-00 00:00:00', 0, '', 0),
(111, 1, 'ofr.11.14', 2, 0, '2015-11-14', 17, 'Ajith', 'Manager', '9884477333', 'ajith.ibm@gmail.com', 1, 2, 'PO collected', '2015-11-17', '', 1, 'po.11.14', '', '', '2015-11-14 02:56:40', 3, '2015-11-14', 34, '', 0, '', '0000-00-00 00:00:00', '', '0000-00-00 00:00:00', 'open', '0000-00-00 00:00:00', '0000-00-00 00:00:00', 0, '', 0),
(112, 1, 'ofr.11.16.1', 2, 0, '2015-11-16', 20, 'Arjun', 'Senior Manager', '90003333', 'arjun.valuelabs@gmail.com', 2, 1, 'Invoice generated', '2015-11-17', '', 1, 'po.11.16.1', '', '', '2015-11-15 23:31:54', 2, '2015-11-15', 34, '', 2, 'abc1', '2015-11-16 01:44:54', '', '0000-00-00 00:00:00', 'open', '0000-00-00 00:00:00', '0000-00-00 00:00:00', 0, '', 0),
(114, 1, 'ofr.11.16.3', 2, 1, '2015-11-16', 24, 'krish', 'hr manager', '7485748574', 'krish@gmail.com', 1, 1, 'Invoice generated', '2015-11-25', '', 1, 'po.11.16.3', '', '', '2015-11-15 23:43:22', 2, '2015-11-15', 34, '', 2, 'abc', '2015-11-16 01:01:52', '', '0000-00-00 00:00:00', 'open', '0000-00-00 00:00:00', '0000-00-00 00:00:00', 0, '', 0),
(115, 1, 'ofr16.1', 2, 1, '2015-11-16', 17, 'Ajith', 'Manager', '9884477333', 'ajith.ibm@gmail.com', 1, 2, 'Invoice generated', '2015-11-26', 'Requiremnet of Ibm Technologies', 1, 'po16.1', '', '', '2015-11-16 03:40:08', 3, '2015-11-16', 34, '', 2, 'inv16.1', '2015-11-16 03:44:58', '', '0000-00-00 00:00:00', '', '0000-00-00 00:00:00', '0000-00-00 00:00:00', 0, '', 0),
(120, 1, 'ofr678', 2, 0, '2016-06-09', 40, 'triveni', 'manager', '1524263525', 'triveni@gmail.com', 1, 1, 'Invoice generated', '2016-06-10', 'test', 1, 'po09854', '', '', '2016-06-09 05:17:43', 2, '2016-06-09', 42, '', 2, 'INV4545', '2016-06-09 05:19:48', '', '0000-00-00 00:00:00', '', '0000-00-00 00:00:00', '0000-00-00 00:00:00', 0, '', 0),
(121, 1, 'ofr145', 2, 0, '2016-06-08', 40, 'triveni', 'manager', '1524263525', 'triveni@gmail.com', 1, 1, 'Invoice generated', '2016-06-11', 'test', 1, 'po8978', '', '', '2016-06-09 05:17:20', 3, '2016-06-09', 42, '', 2, 'INV3434', '2016-06-09 05:19:15', '', '0000-00-00 00:00:00', '', '0000-00-00 00:00:00', '0000-00-00 00:00:00', 0, '', 0),
(123, 1, 'ofr7979', 2, 0, '2016-06-11', 7, 'anil', 'hr', '7485748574', 'anil@jeeva.com', 1, 1, 'Invoice generated', '2016-06-11', 'test', 1, 'po7979', '', '', '2016-06-10 23:22:32', 3, '2016-06-10', 7, '', 2, 'inv9250', '2016-06-10 23:23:30', '', '0000-00-00 00:00:00', '', '0000-00-00 00:00:00', '0000-00-00 00:00:00', 0, '', 0),
(124, 1, 'ofr6200', 2, 1, '2016-06-11', 15, 'amrit', 'ceo', '7485748574', 'amrit@gmail.com', 1, 1, 'Invoice generated', '2016-06-11', '', 1, 'po6200', '', '', '2016-06-10 23:42:51', 2, '2016-06-10', 7, '', 2, 'inv6262', '2016-06-10 23:46:52', '', '0000-00-00 00:00:00', '', '0000-00-00 00:00:00', '0000-00-00 00:00:00', 0, '', 0),
(125, 1, 'sum527', 2, 0, '2016-06-11', 17, 'Ajith', 'Manager', '9884477333', 'ajith.ibm@gmail.com', 1, 2, 'Invoice generated', '2016-06-11', 'test', 1, 'posum257', '', '', '2016-06-10 23:57:48', 1, '2016-06-10', 34, '', 2, 'prosum527', '2016-06-11 00:01:38', '', '0000-00-00 00:00:00', '', '0000-00-00 00:00:00', '0000-00-00 00:00:00', 0, '', 0),
(126, 1, 'eshof1', 2, 0, '2016-06-13', 42, 'pavan', 'manager', '4545454545', 'pavan@royal.com', 2, 2, 'Invoice generated', '2016-06-13', 'test', 1, 'eshpo1', '', '', '2016-06-13 00:24:54', 2, '2016-06-13', 60, '', 2, 'eshinv190', '2016-06-13 00:26:30', '', '0000-00-00 00:00:00', '', '0000-00-00 00:00:00', '0000-00-00 00:00:00', 0, '', 0),
(127, 1, 'ofr141', 2, 0, '2016-06-14', 42, 'pavan', 'manager', '4545454545', 'pavan@royal.com', 1, 1, 'Invoice generated', '2016-06-14', 'test', 1, 'po141', '', '', '2016-06-13 23:03:01', 2, '2016-06-13', 60, '', 2, 'inv141', '2016-06-13 23:16:13', '', '0000-00-00 00:00:00', '', '0000-00-00 00:00:00', '0000-00-00 00:00:00', 0, '', 0),
(128, 1, 'ofr142', 2, 0, '2016-06-14', 41, 'mukesh', 'manager', '7878787878', 'mukesh@gmail.com', 1, 1, 'Order Lost', '2016-06-14', 'test', 0, '', '', '', '0000-00-00 00:00:00', 2, '2016-06-13', 60, '', 0, '', '0000-00-00 00:00:00', '', '0000-00-00 00:00:00', '', '2016-06-13 23:45:46', '0000-00-00 00:00:00', 0, '', 0),
(129, 1, 'ofr151', 2, 0, '2016-06-15', 41, 'mukesh', 'manager', '7878787878', 'mukesh@gmail.com', 1, 1, 'Order Lost', '2016-06-15', 'test', 0, '', '', '', '0000-00-00 00:00:00', 2, '2016-06-14', 60, '', 0, '', '0000-00-00 00:00:00', '', '0000-00-00 00:00:00', '', '2016-06-14 22:54:26', '0000-00-00 00:00:00', 0, '', 0),
(130, 1, '', 0, 0, '2016-06-15', 41, 'mukesh', 'manager', '7878787878', 'mukesh@gmail.com', 1, 1, 'Offer to be generated', '2016-06-15', 'test', 0, '', '', '', '0000-00-00 00:00:00', 3, '2016-06-15', 60, '', 0, '', '0000-00-00 00:00:00', '', '0000-00-00 00:00:00', '', '0000-00-00 00:00:00', '0000-00-00 00:00:00', 0, '', 0),
(131, 1, 'ofr211/2', 2, 1, '2016-06-21', 41, 'mukesh', 'manager', '7878787878', 'mukesh@gmail.com', 1, 1, 'Invoice generated', '2016-06-25', 'remarks testing', 1, 'po121/2', '', '', '2016-06-21 01:41:26', 2, '2016-06-21', 60, '', 2, 'inv121/2', '2016-06-21 01:43:47', '', '0000-00-00 00:00:00', '', '0000-00-00 00:00:00', '0000-00-00 00:00:00', 0, '', 0),
(132, 1, '', 0, 0, '2016-06-22', 44, 'test', '', '1526152626', 'test@test.com', 0, 0, 'Offer to be generated', '0000-00-00', '', 0, '', '', '', '0000-00-00 00:00:00', 0, '2016-06-22', 57, '', 0, '', '0000-00-00 00:00:00', '', '0000-00-00 00:00:00', '', '0000-00-00 00:00:00', '0000-00-00 00:00:00', 0, '', 0),
(133, 1, '', 0, 0, '2016-06-22', 45, 'kaushik', '', '8459632514', 'kaushik@gmail.com', 0, 0, 'Offer to be generated', '0000-00-00', '', 0, '', '', '', '0000-00-00 00:00:00', 0, '2016-06-22', 57, '', 0, '', '0000-00-00 00:00:00', '', '0000-00-00 00:00:00', '', '0000-00-00 00:00:00', '0000-00-00 00:00:00', 1, 'Tele Call', 60),
(134, 1, 'testofr142', 2, 0, '2016-06-22', 45, 'ram', '', '4152415252', 'ram@gmail.com', 0, 0, 'Offer generated', '0000-00-00', '', 0, '', '', '', '0000-00-00 00:00:00', 0, '2016-06-22', 59, '', 0, '', '0000-00-00 00:00:00', '', '0000-00-00 00:00:00', '', '0000-00-00 00:00:00', '0000-00-00 00:00:00', 1, 'Tele Call', 0),
(135, 1, 'ofr224', 2, 0, '2016-06-22', 46, 'preethi', '', '9849332212', 'preethi@gmail.com', 0, 0, 'PO collected', '0000-00-00', '', 1, '555', '', '', '2016-06-23 23:55:13', 0, '2016-06-22', 60, '', 0, '', '0000-00-00 00:00:00', '', '0000-00-00 00:00:00', '', '0000-00-00 00:00:00', '0000-00-00 00:00:00', 1, 'Email', 0),
(136, 1, '', 0, 0, '2016-06-24', 15, 'ravi', '', '9568253625', 'ravi@gmail.com', 0, 0, 'Offer to be generated', '0000-00-00', '', 0, '', '', '', '0000-00-00 00:00:00', 0, '2016-06-24', 60, '', 0, '', '0000-00-00 00:00:00', '', '0000-00-00 00:00:00', '', '0000-00-00 00:00:00', '0000-00-00 00:00:00', 1, 'Email', 0),
(137, 1, '', 0, 0, '2016-06-24', 10, 'suresh', '', '7485965263', 'suresh@gmail.com', 0, 0, 'Offer to be generated', '0000-00-00', '', 0, '', '', '', '0000-00-00 00:00:00', 0, '2016-06-24', 59, '', 0, '', '0000-00-00 00:00:00', '', '0000-00-00 00:00:00', '', '0000-00-00 00:00:00', '0000-00-00 00:00:00', 1, 'Email', 0);

-- --------------------------------------------------------

--
-- Table structure for table `daily_reports_data`
--

CREATE TABLE IF NOT EXISTS `daily_reports_data` (
  `id` int(11) NOT NULL,
  `revisionId` int(11) NOT NULL,
  `invoiceId` int(11) NOT NULL,
  `categoryId` int(11) NOT NULL,
  `brandId` int(11) NOT NULL,
  `productId` int(11) NOT NULL,
  `price` varchar(255) NOT NULL,
  `quantity` varchar(255) NOT NULL,
  `amount` varchar(255) NOT NULL,
  `taxSystem` varchar(255) NOT NULL,
  `taxPercentage` varchar(255) NOT NULL,
  `taxAmount` varchar(255) NOT NULL,
  `dispatchStatus` int(11) NOT NULL,
  `invoice_id` int(11) NOT NULL
) ENGINE=MyISAM AUTO_INCREMENT=274 DEFAULT CHARSET=latin1;

--
-- Dumping data for table `daily_reports_data`
--

INSERT INTO `daily_reports_data` (`id`, `revisionId`, `invoiceId`, `categoryId`, `brandId`, `productId`, `price`, `quantity`, `amount`, `taxSystem`, `taxPercentage`, `taxAmount`, `dispatchStatus`, `invoice_id`) VALUES
(117, 3, 0, 14, 24, 139, '3500', '50', '175000', '', '', '', 0, 0),
(116, 2, 0, 14, 24, 139, '3500', '600', '2100000', '', '', '', 0, 0),
(114, 1, 0, 14, 24, 139, '', '10', '', '', '', '', 0, 0),
(115, 1, 0, 12, 13, 75, '', '50', '', '', '', '', 0, 0),
(118, 4, 0, 12, 19, 105, '3500', '15', '52500', '', '', '', 0, 0),
(119, 4, 0, 14, 24, 139, '3500', '20', '70000', '', '', '', 0, 0),
(120, 6, 0, 14, 24, 139, '3500', '', '175000', '', '', '', 0, 0),
(121, 7, 0, 14, 24, 139, '3500', '', '0', '', '', '', 0, 0),
(122, 8, 0, 13, 20, 115, '3500', '24', '84000', '', '', '', 0, 0),
(123, 8, 0, 12, 13, 76, '1000', '34', '34000', '', '', '', 0, 0),
(124, 9, 0, 13, 20, 115, '3500', '24', '84000', '', '', '', 0, 0),
(125, 9, 0, 12, 13, 76, '1000', '34', '34000', '', '', '', 0, 0),
(126, 10, 0, 13, 20, 115, '3500', '24', '84000', '', '', '', 0, 0),
(127, 10, 0, 12, 13, 76, '1000', '34', '34000', '', '', '', 0, 0),
(128, 11, 0, 16, 23, 126, '', '10', '', '', '', '', 0, 0),
(129, 11, 0, 13, 20, 116, '', '30', '', '', '', '', 0, 0),
(130, 11, 0, 12, 13, 109, '', '20', '', '', '', '', 0, 0),
(131, 12, 0, 14, 21, 137, '', '30', '', '', '', '', 0, 0),
(132, 12, 0, 16, 23, 128, '', '20', '', '', '', '', 0, 0),
(133, 13, 0, 18, 17, 136, '', '15', '', '', '', '', 0, 0),
(134, 14, 0, 16, 23, 126, '', '20', '', '', '', '', 0, 0),
(135, 15, 0, 12, 19, 104, '', '10', '', '', '', '', 0, 0),
(136, 16, 0, 16, 23, 129, '', '10', '', '', '', '', 0, 0),
(137, 17, 0, 16, 23, 139, '3500', '10', '35000', '', '', '', 0, 0),
(138, 18, 0, 18, 17, 136, '1500', '14', '21000', '', '', '', 0, 0),
(139, 19, 0, 12, 13, 75, '', '20', '', '', '', '', 0, 0),
(140, 20, 0, 18, 17, 136, '1500', '2', '3000', '', '', '', 0, 0),
(141, 20, 0, 14, 24, 139, '3500', '5', '17500', '', '', '', 0, 0),
(142, 21, 0, 16, 23, 129, '', '10', '', '', '', '', 0, 0),
(143, 22, 0, 12, 13, 76, '1000', '20', '20000', '', '', '', 0, 0),
(144, 23, 0, 16, 23, 129, '4000', '20', '80000', '', '', '', 0, 0),
(145, 24, 0, 16, 23, 129, '4000', '20', '80000', '', '', '', 0, 0),
(146, 25, 0, 16, 23, 129, '4000', '20', '80000', '', '', '', 0, 0),
(147, 26, 0, 14, 24, 139, '3500', '10', '35000', '', '', '', 0, 0),
(148, 26, 0, 18, 17, 136, '1500', '10', '15000', '', '', '', 0, 0),
(149, 27, 0, 14, 24, 139, '3500', '5', '17500', '', '', '', 0, 0),
(150, 27, 0, 16, 23, 129, '4000', '10', '40000', '', '', '', 0, 0),
(154, 30, 0, 16, 23, 128, '1500', '24', '36000', '', '', '', 0, 0),
(155, 30, 0, 14, 21, 119, '4000', '10', '40000', '', '', '', 0, 0),
(157, 32, 0, 16, 23, 129, '4000', '2', '8000', '', '', '', 0, 0),
(158, 33, 0, 16, 23, 129, '4000', '2', '8000', '', '', '', 0, 0),
(159, 34, 0, 16, 23, 129, '', '4', '', '', '', '', 0, 0),
(182, 49, 0, 16, 23, 124, '', '10', '', '', '', '', 0, 0),
(183, 49, 0, 12, 13, 55, '', '30', '', '', '', '', 0, 0),
(184, 49, 0, 0, 0, 0, '', '', '', '', '', '', 0, 0),
(185, 49, 0, 0, 0, 0, '', '', '', '', '', '', 0, 0),
(196, 57, 0, 16, 23, 120, '', '10', '', '', '', '', 0, 0),
(199, 60, 0, 16, 23, 126, '4000', '20', '80000', '', '', '', 0, 0),
(223, 78, 0, 12, 13, 74, '2000', '500', '1000000', '', '', '0', 0, 26),
(224, 78, 0, 16, 23, 128, '1500', '20', '30000', '', '', '0', 0, 25),
(225, 78, 0, 13, 20, 115, '3500', '50', '175000', '', '', '0', 0, 25),
(226, 79, 0, 14, 21, 119, '4000', '10', '40000', '', '', '0', 1, 29),
(227, 79, 0, 13, 20, 115, '3500', '10', '35000', '', '', '0', 1, 29),
(231, 81, 0, 13, 20, 115, '3500', '10', '35000', 'CST', '2', '700', 0, 0),
(230, 81, 0, 14, 21, 119, '4000', '10', '40000', 'VAT', '5', '2000', 0, 0),
(232, 82, 0, 13, 20, 115, '3500', '10', '35000', '', '', '0', 1, 30),
(233, 82, 0, 14, 21, 119, '4000', '10', '40000', '', '', '0', 1, 30),
(234, 83, 0, 16, 23, 128, '1500', '50', '75000', '', '', '0', 0, 0),
(235, 84, 0, 16, 23, 128, '1500', '50', '75000', '', '', '0', 1, 31),
(236, 85, 0, 16, 23, 129, '4000', '10', '40000', 'CST', '2', '800', 0, 32),
(237, 85, 0, 12, 13, 78, '2500', '50', '125000', 'VAT', '5', '6250', 0, 32),
(238, 86, 0, 16, 23, 124, '2000', '40', '80000', '', '', '0', 0, 0),
(239, 87, 0, 16, 23, 124, '2000', '40', '80000', '', '', '0', 0, 33),
(240, 88, 0, 14, 21, 119, '4000', '50', '200000', 'CST', '2', '4000', 0, 35),
(241, 88, 0, 13, 13, 112, '1500', '40', '60000', 'CST', '2', '1200', 0, 34),
(242, 89, 0, 12, 13, 144, '2000', '100', '200000', '', '', '0', 0, 36),
(243, 90, 0, 16, 23, 129, '4000', '45', '180000', 'CST', '2', '3600', 0, 38),
(244, 91, 0, 12, 13, 76, '1000', '20', '20000', 'CST', '2', '400', 0, 37),
(245, 91, 0, 14, 21, 119, '4000', '100', '400000', 'CST', '2', '8000', 0, 37),
(251, 95, 0, 16, 23, 129, '4000', '10', '40000', 'CST', '2', '800', 0, 42),
(249, 93, 0, 13, 13, 113, '3500', '20', '70000', 'CST', '2', '1400', 0, 41),
(250, 94, 0, 16, 23, 129, '4000', '10', '40000', '', '', '0', 0, 0),
(248, 93, 0, 16, 23, 129, '4000', '10', '40000', 'CST', '2', '800', 0, 41),
(252, 96, 0, 16, 23, 128, '1500', '10', '15000', 'CST', '2', '300', 0, 43),
(253, 96, 0, 16, 23, 129, '4000', '20', '80000', 'CST', '2', '1600', 0, 43),
(254, 97, 0, 14, 21, 119, '4000', '20', '80000', 'CST', '2', '1600', 0, 44),
(255, 97, 0, 16, 23, 124, '2000', '10', '20000', 'CST', '2', '400', 0, 44),
(256, 98, 0, 16, 23, 128, '1500', '15', '22500', 'CST', '2', '450', 0, 45),
(257, 98, 0, 12, 13, 74, '2000', '20', '40000', 'CST', '2', '800', 0, 45),
(258, 98, 0, 16, 23, 129, '4000', '10', '40000', 'CST', '2', '800', 0, 45),
(259, 99, 0, 16, 23, 129, '4000', '100', '400000', 'CST', '2', '8000', 0, 0),
(260, 100, 0, 16, 23, 129, '4000', '10', '40000', '', '', '0', 0, 0),
(261, 101, 0, 16, 23, 129, '', '50', '', '', '', '', 0, 0),
(262, 102, 0, 16, 23, 128, '1500', '50', '75000', 'CST', '2', '1500', 0, 0),
(263, 102, 0, 16, 23, 125, '4000', '20', '80000', 'CST', '2', '1600', 0, 0),
(264, 103, 0, 16, 23, 128, '1500', '50', '75000', 'CST', '2', '1500', 0, 46),
(265, 103, 0, 16, 23, 125, '4000', '20', '80000', 'CST', '2', '1600', 0, 46),
(266, 104, 0, 16, 23, 129, '', '14', '', '', '', '', 0, 0),
(267, 104, 0, 16, 23, 126, '', '25', '', '', '', '', 0, 0),
(268, 105, 0, 16, 23, 129, '4000', '45', '180000', 'CST', '2', '3600', 0, 0),
(269, 105, 0, 16, 23, 127, '3000', '22', '66000', 'CST', '2', '1320', 0, 0),
(270, 106, 0, 16, 23, 129, '4000', '10', '40000', 'CST', '2', '800', 0, 0),
(271, 106, 0, 16, 23, 126, '4000', '10', '40000', 'CST', '2', '800', 0, 0),
(272, 107, 0, 14, 21, 137, '', '7', '', '', '', '', 0, 0),
(273, 108, 0, 14, 21, 138, '', '7', '', '', '', '', 0, 0);

-- --------------------------------------------------------

--
-- Table structure for table `daily_reports_revision`
--

CREATE TABLE IF NOT EXISTS `daily_reports_revision` (
  `revisionId` int(11) NOT NULL,
  `reportId` int(11) NOT NULL,
  `revision` int(11) NOT NULL,
  `subTotal` varchar(255) NOT NULL,
  `discount` varchar(255) NOT NULL,
  `duty` varchar(255) NOT NULL,
  `dutyPercentage` varchar(255) NOT NULL,
  `vat` varchar(255) NOT NULL,
  `vatPercentage` varchar(255) NOT NULL,
  `pf` varchar(255) NOT NULL,
  `pfPercentage` varchar(255) NOT NULL,
  `total` varchar(255) NOT NULL,
  `grandTotal` varchar(255) NOT NULL,
  `revisionDateTime` datetime NOT NULL
) ENGINE=MyISAM AUTO_INCREMENT=109 DEFAULT CHARSET=latin1;

--
-- Dumping data for table `daily_reports_revision`
--

INSERT INTO `daily_reports_revision` (`revisionId`, `reportId`, `revision`, `subTotal`, `discount`, `duty`, `dutyPercentage`, `vat`, `vatPercentage`, `pf`, `pfPercentage`, `total`, `grandTotal`, `revisionDateTime`) VALUES
(1, 50, 0, '', '', '', '', '', '', '', '', '', '', '2015-10-15 16:24:34'),
(2, 52, 0, '', '5', '', '', '', '', '', '', '', '', '2015-10-16 04:42:11'),
(3, 54, 0, '', '40', '', '', '', '', '', '', '', '', '2015-10-16 05:12:58'),
(4, 55, 0, '', '', '', '', '', '', '', '', '', '', '2015-10-16 02:24:32'),
(6, 54, 1, '', '11', '', '', '', '', '', '', '', '', '2015-10-16 05:27:31'),
(7, 54, 2, '', '2', '', '', '', '', '', '', '', '', '2015-10-16 05:28:11'),
(8, 56, 0, '', '25', '', '', '', '', '', '', '', '', '2015-10-16 05:33:59'),
(9, 56, 1, '', '80', '', '', '', '', '', '', '', '', '2015-10-16 05:35:22'),
(10, 56, 2, '', '2', '', '', '', '', '', '', '', '', '2015-10-16 06:24:43'),
(11, 57, 0, '', '', '', '', '', '', '', '', '', '', '2015-10-16 07:35:10'),
(12, 58, 0, '', '', '', '', '', '', '', '', '', '', '2015-10-16 07:37:56'),
(13, 59, 0, '', '', '', '', '', '', '', '', '', '', '2015-10-16 07:41:22'),
(14, 60, 0, '', '', '', '', '', '', '', '', '', '', '2015-10-16 07:45:01'),
(15, 61, 0, '', '', '', '', '', '', '', '', '', '', '2015-10-16 07:47:45'),
(16, 62, 0, '', '', '', '', '', '', '', '', '', '', '2015-10-16 07:53:49'),
(17, 63, 0, '', '0', '', '', '', '', '', '', '', '', '2015-10-16 07:58:44'),
(18, 64, 0, '', '0', '', '', '', '', '', '', '', '', '2015-10-16 08:20:24'),
(19, 65, 0, '', '', '', '', '', '', '', '', '', '', '2015-10-16 08:27:06'),
(20, 67, 0, '', '0', '', '', '', '', '', '', '', '', '2015-10-17 02:26:09'),
(21, 68, 0, '', '', '', '', '', '', '', '', '', '', '2015-10-17 01:47:24'),
(22, 69, 0, '', '0', '', '', '', '', '', '', '', '', '2015-10-17 07:50:10'),
(23, 70, 0, '80000', '4', '9600', '12.5', '3840', '5', '2304', '3', '76800', '92544', '2015-10-21 04:58:02'),
(25, 71, 0, '80000', '1', '9900', '12.5', '3960', '5', '2376', '3', '79200', '95436', '2015-10-26 03:50:35'),
(26, 72, 0, '50000', '0', '6250', '12.5', '2500', '5', '1500', '3', '50000', '60250', '2015-10-26 04:07:36'),
(27, 73, 0, '57500', '1', '7115.625', '12.5', '2846.25', '5', '1707.75', '3', '56925', '68593', '2015-10-26 04:26:02'),
(30, 76, 0, '76000', '0', '9500', '12.5', '3800', '5', '2280', '3', '76000', '91580', '2015-10-27 06:01:02'),
(32, 78, 0, '8000', '2', '980', '12.5', '392', '5', '235.2', '3', '7840', '9447', '2015-10-27 07:18:23'),
(33, 78, 1, '8000', '2', '980', '12.5', '392', '5', '235.2', '3', '7840', '9447', '2015-10-27 07:33:15'),
(34, 79, 0, '', '', '', '', '', '', '', '', '', '', '2015-10-27 07:59:50'),
(89, 119, 0, '200000', '0', '25000', '12.5', '', '', '6000', '3', '200000', '231000', '2015-11-17 04:01:25'),
(83, 115, 0, '75000', '0', '9375', '12.5', '', '', '2250', '3', '75000', '86625', '2015-11-16 03:39:08'),
(84, 115, 1, '75000', '0', '9375', '12.5', '', '', '2250', '3', '75000', '86625', '2015-11-16 03:39:31'),
(85, 116, 0, '165000', '4', '19800', '12.5', '', '', '4752', '3', '158400', '190002', '2015-11-16 05:41:58'),
(86, 117, 0, '80000', '0', '10000', '12.5', '', '', '2400', '3', '80000', '92400', '2015-11-16 05:47:58'),
(87, 117, 1, '80000', '0', '10000', '12.5', '', '', '2400', '3', '80000', '92400', '2015-11-16 05:48:13'),
(88, 118, 0, '260000', '10', '29250', '12.5', '', '', '7020', '3', '234000', '275470', '2015-11-16 23:53:03'),
(78, 111, 0, '1205000', '0', '150625', '12.5', '', '', '36150', '3', '1205000', '1391775', '2015-11-14 02:56:13'),
(79, 112, 0, '75000', '0', '9375', '12.5', '', '', '2250', '3', '75000', '86625', '2015-11-15 23:31:16'),
(81, 114, 0, '75000', '2', '9187.5', '12.5', '', '', '2205', '3', '73500', '87592', '2015-11-15 23:41:53'),
(82, 114, 1, '75000', '0', '9375', '12.5', '', '', '2250', '3', '75000', '86625', '2015-11-15 23:42:09'),
(49, 87, 0, '', '', '', '', '', '', '', '', '', '', '2015-10-29 07:25:15'),
(57, 91, 0, '', '', '', '', '', '', '', '', '', '', '2015-10-30 01:54:02'),
(60, 94, 0, '80000', '0', '10000', '12.5', '4000', '5', '2400', '3', '80000', '96400', '2015-10-30 06:39:34'),
(90, 120, 0, '180000', '4', '21600', '12.5', '', '', '5184', '3', '172800', '203184', '2016-06-09 05:16:38'),
(91, 121, 0, '420000', '0', '51975', '12.5', '', '', '12474', '3', '415800', '488649', '2016-06-09 05:15:25'),
(93, 123, 0, '110000', '0', '13612.5', '12.5', '', '', '3267', '3', '108900', '127979', '2016-06-10 23:22:11'),
(94, 124, 0, '40000', '0', '5000', '12.5', '', '', '1200', '3', '40000', '46200', '2016-06-10 23:42:18'),
(95, 124, 1, '40000', '10', '4950', '12.5', '', '', '1188', '3', '39600', '46538', '2016-06-10 23:44:54'),
(96, 125, 0, '95000', '5', '11756.25', '12.5', '', '', '2821.5', '3', '94050', '110527', '2016-06-10 23:57:23'),
(97, 126, 0, '100000', '2', '12250', '12.5', '', '', '2940', '3', '98000', '115190', '2016-06-13 00:24:35'),
(98, 127, 0, '102500', '0', '12684.375', '12.5', '', '', '3044.25', '3', '101475', '119253', '2016-06-13 22:59:10'),
(99, 128, 0, '400000', '0', '49500', '12.5', '', '', '11880', '3', '396000', '465380', '2016-06-13 23:45:21'),
(100, 129, 0, '40000', '0', '5000', '12.5', '', '', '1200', '3', '40000', '46200', '2016-06-14 22:54:02'),
(101, 130, 0, '', '', '', '', '', '', '', '', '', '', '2016-06-15 00:22:43'),
(102, 131, 0, '155000', '10', '17437.5', '12.5', '', '', '4185', '3', '139500', '164222', '2016-06-21 01:38:46'),
(103, 131, 1, '155000', '20', '19181.25', '12.5', '', '', '4603.5', '3', '153450', '180334', '2016-06-21 01:40:35'),
(104, 133, 0, '', '', '', '', '', '', '', '', '', '', '2016-06-22 04:53:56'),
(105, 134, 0, '246000', '10', '27675', '12.5', '', '', '6642', '3', '221400', '260637', '2016-06-22 04:59:21'),
(106, 135, 0, '80000', '5', '9500', '12.5', '', '', '2280', '3', '76000', '89380', '2016-06-22 05:11:50'),
(107, 136, 0, '', '', '', '', '', '', '', '', '', '', '2016-06-24 01:07:14'),
(108, 137, 0, '', '', '', '', '', '', '', '', '', '', '2016-06-24 02:15:23');

-- --------------------------------------------------------

--
-- Table structure for table `daily_report_authorization`
--

CREATE TABLE IF NOT EXISTS `daily_report_authorization` (
  `autoId` int(11) NOT NULL,
  `employeeId` int(11) NOT NULL,
  `authorization` varchar(255) NOT NULL,
  `reportDate` date NOT NULL,
  `reportMonth` int(11) NOT NULL,
  `createdOn` date NOT NULL,
  `authorizedOn` date NOT NULL,
  `authorizedBy` int(11) NOT NULL,
  `reportType` varchar(255) NOT NULL,
  `status` int(11) NOT NULL
) ENGINE=MyISAM AUTO_INCREMENT=40 DEFAULT CHARSET=latin1;

--
-- Dumping data for table `daily_report_authorization`
--

INSERT INTO `daily_report_authorization` (`autoId`, `employeeId`, `authorization`, `reportDate`, `reportMonth`, `createdOn`, `authorizedOn`, `authorizedBy`, `reportType`, `status`) VALUES
(33, 7, 'Yes', '2015-09-15', 0, '2015-09-28', '2015-09-28', 1, 'daily', 0),
(34, 7, 'Yes', '0000-00-00', 9, '2015-09-28', '2015-09-28', 1, 'monthly', 0),
(35, 7, 'Yes', '0000-00-00', 9, '2015-09-28', '2015-09-29', 1, 'monthly', 0),
(36, 7, 'Yes', '2015-09-15', 0, '2015-09-28', '2015-10-31', 1, 'daily', 0),
(32, 7, 'Yes', '2015-09-07', 0, '2015-09-26', '2015-09-26', 1, 'daily', 0),
(37, 22, 'Yes', '2015-10-09', 0, '2015-10-13', '2016-06-10', 1, 'daily', 0),
(38, 34, 'Yes', '2015-10-12', 0, '2015-10-16', '2016-06-11', 1, 'daily', 0),
(39, 60, 'No', '2016-06-07', 0, '2016-06-13', '0000-00-00', 0, 'daily', 0);

-- --------------------------------------------------------

--
-- Table structure for table `dispatch`
--

CREATE TABLE IF NOT EXISTS `dispatch` (
  `dispatchedId` int(11) NOT NULL,
  `invoiceId` int(11) NOT NULL,
  `dateTime` datetime NOT NULL,
  `addedBy` int(11) NOT NULL,
  `dispatchedOn` date NOT NULL
) ENGINE=MyISAM AUTO_INCREMENT=76 DEFAULT CHARSET=latin1;

--
-- Dumping data for table `dispatch`
--

INSERT INTO `dispatch` (`dispatchedId`, `invoiceId`, `dateTime`, `addedBy`, `dispatchedOn`) VALUES
(75, 29, '2015-11-16 04:37:47', 7, '2015-11-16'),
(74, 29, '2015-11-16 04:37:25', 7, '2015-11-16');

-- --------------------------------------------------------

--
-- Table structure for table `dispatch_items`
--

CREATE TABLE IF NOT EXISTS `dispatch_items` (
  `dispatchItemId` int(11) NOT NULL,
  `dispatchId` int(11) NOT NULL,
  `itemId` int(11) NOT NULL,
  `dispatchedQuantity` varchar(255) NOT NULL,
  `remarks` text NOT NULL
) ENGINE=MyISAM AUTO_INCREMENT=58 DEFAULT CHARSET=latin1;

--
-- Dumping data for table `dispatch_items`
--

INSERT INTO `dispatch_items` (`dispatchItemId`, `dispatchId`, `itemId`, `dispatchedQuantity`, `remarks`) VALUES
(57, 75, 226, '5', 'finished'),
(56, 75, 227, '5', 'finished'),
(55, 74, 226, '5', 'geared motors is out of stock will deliver soon'),
(54, 74, 227, '5', 'out of stock');

-- --------------------------------------------------------

--
-- Table structure for table `employees`
--

CREATE TABLE IF NOT EXISTS `employees` (
  `id` int(11) NOT NULL,
  `employeeId` varchar(255) NOT NULL,
  `roll` int(11) NOT NULL,
  `firstName` varchar(255) NOT NULL,
  `fatherName` varchar(255) NOT NULL,
  `dob` varchar(255) NOT NULL,
  `bloodGroup` varchar(255) NOT NULL,
  `userName` varchar(255) NOT NULL,
  `password` varchar(255) NOT NULL,
  `email` varchar(255) NOT NULL,
  `officialEmail` varchar(255) NOT NULL,
  `gender` varchar(255) NOT NULL,
  `designation` varchar(255) NOT NULL,
  `address` varchar(255) NOT NULL,
  `dateJoining` date NOT NULL,
  `emergencyContact` varchar(255) NOT NULL,
  `emergencyName` varchar(255) NOT NULL,
  `emergencyRelation` varchar(255) NOT NULL,
  `personalMobile` varchar(255) NOT NULL,
  `cHno` varchar(255) NOT NULL,
  `cStreet` varchar(255) NOT NULL,
  `cLandmark` varchar(255) NOT NULL,
  `cCity` varchar(255) NOT NULL,
  `cArea` varchar(255) NOT NULL,
  `cPincode` varchar(255) NOT NULL,
  `pHno` varchar(255) NOT NULL,
  `pStreet` varchar(255) NOT NULL,
  `pLandmark` varchar(255) NOT NULL,
  `pCity` varchar(255) NOT NULL,
  `pArea` varchar(255) NOT NULL,
  `pPincode` varchar(255) NOT NULL,
  `image` varchar(255) NOT NULL,
  `status` tinyint(4) NOT NULL DEFAULT '1',
  `dateTime` datetime NOT NULL,
  `ip` varchar(255) NOT NULL,
  `remember` varchar(255) NOT NULL,
  `branch` int(11) NOT NULL
) ENGINE=MyISAM AUTO_INCREMENT=62 DEFAULT CHARSET=latin1;

--
-- Dumping data for table `employees`
--

INSERT INTO `employees` (`id`, `employeeId`, `roll`, `firstName`, `fatherName`, `dob`, `bloodGroup`, `userName`, `password`, `email`, `officialEmail`, `gender`, `designation`, `address`, `dateJoining`, `emergencyContact`, `emergencyName`, `emergencyRelation`, `personalMobile`, `cHno`, `cStreet`, `cLandmark`, `cCity`, `cArea`, `cPincode`, `pHno`, `pStreet`, `pLandmark`, `pCity`, `pArea`, `pPincode`, `image`, `status`, `dateTime`, `ip`, `remember`, `branch`) VALUES
(57, '1', 1, '', '', '--', '', 'admin', 'admin', '', '', '', '', '', '0000-00-00', '', '', '', '', '', '', '', '', '', '', '', '', '', '', '', '', '', 1, '2016-06-11 04:09:25', '45.119.114.242', 'no', 0),
(61, '5', 0, '', '', '--', '', '', '', '', '', 'Male', '', '', '0000-00-00', '', '', '', '', '', '', '', '', '', '', '', '', '', '', '', '', '', 1, '2016-06-13 04:32:23', '', '', 0),
(59, '3', 4, 'suresh', 'surendar', '2000-02-09', 'O +ve', 'suresh', 'suresh', 'suresh@gmail.com', 'suresh@trillionit.com', 'Male', 'sales executive', '', '2016-06-03', '15151515', 'karunakar', 'brother', '1524152415', '25-5-585', 'vijaya colony', 'aradhana theatre', 'hyderabad', 'tarnaka', '500010', '25-5-585', 'vijaya colony', 'aradhana theatre', 'hyderabad', 'tarnaka', '500010', '', 1, '2016-06-12 23:15:21', '45.119.114.232', 'no', 1),
(60, '4', 4, 'eshwar', 'ranganath', '2000-01-13', 'A1 -ve', 'eshwar', 'eshwar', 'eshwar@gmail.com', 'eshwar@trillionit.com', 'Male', 'sales executive', '', '2016-06-02', '95959595', 'kiran', 'brother', '7485968596', '4-4-858', 'venkateshwara nagar', 'highcourt', 'hyderabad', 'habsiguda', '500012', '4-4-858', 'venkateshwara nagar', 'highcourt', 'hyderabad', 'habsiguda', '500012', '', 1, '2016-06-12 23:17:49', '45.119.114.242', 'no', 1);

-- --------------------------------------------------------

--
-- Table structure for table `employee_image`
--

CREATE TABLE IF NOT EXISTS `employee_image` (
  `imageId` int(11) NOT NULL,
  `employeeId` int(11) NOT NULL,
  `image` varchar(255) NOT NULL
) ENGINE=MyISAM AUTO_INCREMENT=24 DEFAULT CHARSET=latin1;

--
-- Dumping data for table `employee_image`
--

INSERT INTO `employee_image` (`imageId`, `employeeId`, `image`) VALUES
(1, 17, 'mahendar.jpg'),
(2, 19, '1.jpg'),
(3, 20, 'the-free-spirit-project.jpg'),
(4, 21, 'images.jpg'),
(5, 22, 'images.jpg'),
(6, 23, 'images.jpg'),
(7, 24, 'images.jpg'),
(8, 25, 'images.jpg'),
(9, 26, 'images.jpg'),
(10, 27, 'images.jpg'),
(11, 28, 'images.jpg'),
(12, 29, 'images.jpg'),
(13, 30, 'images.jpg'),
(14, 31, 'images.jpg'),
(15, 32, 'images.jpg'),
(16, 33, 'images.jpg'),
(17, 34, '1.jpg'),
(18, 36, 'image008.gif'),
(19, 37, 'image002.gif'),
(20, 38, 'doll_display_dummy_face_223381.jpg'),
(21, 54, 'avatar.png'),
(22, 55, 'avatar.png'),
(23, 56, 'Chrysanthemum.jpg');

-- --------------------------------------------------------

--
-- Table structure for table `enquiries`
--

CREATE TABLE IF NOT EXISTS `enquiries` (
  `enquiryId` int(11) NOT NULL,
  `enquiryNumber` varchar(255) COLLATE utf8_unicode_ci NOT NULL,
  `name` varchar(255) COLLATE utf8_unicode_ci NOT NULL,
  `category` varchar(255) COLLATE utf8_unicode_ci NOT NULL,
  `company` varchar(255) COLLATE utf8_unicode_ci NOT NULL,
  `companyId` int(11) NOT NULL,
  `phone` varchar(255) COLLATE utf8_unicode_ci NOT NULL,
  `email` varchar(255) COLLATE utf8_unicode_ci NOT NULL,
  `source` varchar(255) COLLATE utf8_unicode_ci NOT NULL,
  `addedBy` int(11) NOT NULL,
  `dateTime` datetime NOT NULL
) ENGINE=MyISAM AUTO_INCREMENT=15 DEFAULT CHARSET=utf8 COLLATE=utf8_unicode_ci;

--
-- Dumping data for table `enquiries`
--

INSERT INTO `enquiries` (`enquiryId`, `enquiryNumber`, `name`, `category`, `company`, `companyId`, `phone`, `email`, `source`, `addedBy`, `dateTime`) VALUES
(7, '100000', 'radha', '', 'radha&co', 0, '94934857643', 'radha@gmail.com', 'Tele Call', 1, '2015-11-03 02:05:04'),
(8, '100001', 'suman', '', 'suman industries.co.in', 0, '5874452255', 'suman.lite@gmail.com', 'Email', 1, '2016-04-25 04:39:20'),
(9, '100002', 'venkat', '14', 'venkat industries', 0, '7894568822', 'venkat@gmail.com', 'Email', 1, '2016-04-25 04:44:07'),
(10, '100003', 'sumitra', '16', 'sumitra', 0, '5255885577', 'sumitra@gmail.com', 'Email', 1, '2016-04-25 05:38:16'),
(11, '100004', 'kishore', '14', 'kishore tech', 0, '1524152414', 'kishore@gmail.com', '', 57, '2016-06-18 04:24:54'),
(12, '100005', 'vishal', '14', 'vishal labs', 0, '4545454545', 'vishal@vishallabs.com', 'Email', 57, '2016-06-18 04:25:49'),
(13, '100006', 'vishal', '14', 'vishal labs', 0, '4545454545', 'vishal@vishallabs.com', 'Email', 57, '2016-06-18 04:25:50'),
(14, '100007', 'krishna ', '14', 'krishna prasad', 43, '1526152626', 'krishna@gmail.com', 'Email', 57, '2016-06-18 06:03:07');

-- --------------------------------------------------------

--
-- Table structure for table `enquiry_assign`
--

CREATE TABLE IF NOT EXISTS `enquiry_assign` (
  `eaId` int(11) NOT NULL,
  `enquiryId` int(11) NOT NULL,
  `assignedTo` int(11) NOT NULL,
  `assignedBy` varchar(255) COLLATE utf8_unicode_ci NOT NULL,
  `dateTime` datetime NOT NULL
) ENGINE=MyISAM AUTO_INCREMENT=11 DEFAULT CHARSET=utf8 COLLATE=utf8_unicode_ci;

--
-- Dumping data for table `enquiry_assign`
--

INSERT INTO `enquiry_assign` (`eaId`, `enquiryId`, `assignedTo`, `assignedBy`, `dateTime`) VALUES
(1, 10, 17, '', '2016-04-25 08:00:02'),
(2, 10, 17, '', '2016-04-25 08:00:04'),
(3, 10, 17, '', '2016-04-25 08:00:05'),
(4, 10, 17, '', '2016-04-25 08:00:06'),
(5, 10, 17, '', '2016-04-25 08:00:13'),
(6, 10, 38, '', '2016-04-25 08:00:56'),
(7, 10, 50, '', '2016-04-26 00:14:54'),
(8, 10, 50, '', '2016-04-26 00:16:15'),
(9, 14, 60, '', '2016-06-18 06:22:42'),
(10, 14, 60, '', '2016-06-18 06:24:10');

-- --------------------------------------------------------

--
-- Table structure for table `enquiry_products`
--

CREATE TABLE IF NOT EXISTS `enquiry_products` (
  `epId` int(11) NOT NULL,
  `enquiryId` int(11) NOT NULL,
  `productId` int(11) NOT NULL
) ENGINE=MyISAM AUTO_INCREMENT=18 DEFAULT CHARSET=utf8 COLLATE=utf8_unicode_ci;

--
-- Dumping data for table `enquiry_products`
--

INSERT INTO `enquiry_products` (`epId`, `enquiryId`, `productId`) VALUES
(1, 1, 128),
(2, 1, 107),
(3, 2, 61),
(4, 2, 89),
(5, 5, 82),
(6, 7, 65),
(7, 7, 122),
(8, 8, 65),
(9, 9, 65),
(10, 10, 65),
(11, 10, 129),
(12, 12, 82),
(13, 12, 84),
(14, 13, 82),
(15, 13, 84),
(16, 14, 82),
(17, 14, 119);

-- --------------------------------------------------------

--
-- Table structure for table `expected_collections`
--

CREATE TABLE IF NOT EXISTS `expected_collections` (
  `expectedId` int(11) NOT NULL,
  `reportId` int(11) NOT NULL,
  `amount` varchar(255) NOT NULL,
  `expectedDate` date NOT NULL,
  `dateTime` datetime NOT NULL
) ENGINE=MyISAM AUTO_INCREMENT=14 DEFAULT CHARSET=latin1;

--
-- Dumping data for table `expected_collections`
--

INSERT INTO `expected_collections` (`expectedId`, `reportId`, `amount`, `expectedDate`, `dateTime`) VALUES
(1, 7, '40000', '2015-10-15', '2015-10-03 06:58:09'),
(2, 44, '5000', '2015-10-27', '2015-10-13 02:46:43'),
(3, 44, '2000', '2015-10-21', '2015-10-13 04:46:47'),
(4, 69, '10000', '2015-10-17', '2015-10-17 08:34:29'),
(5, 69, '10000', '2015-10-21', '2015-10-19 02:03:36'),
(6, 69, '200', '2015-10-28', '2015-10-19 02:30:06'),
(7, 0, '', '0000-00-00', '2015-10-19 05:04:35'),
(8, 69, '400', '2015-10-20', '2015-10-19 05:25:51'),
(9, 90, '147612 ', '2015-10-31', '2015-10-30 04:44:02'),
(10, 88, '12000', '2015-10-31', '2015-10-31 06:59:00'),
(11, 120, '10000', '2016-06-10', '2016-06-10 02:18:58'),
(12, 123, '10000', '2016-06-12', '2016-06-10 23:27:58'),
(13, 127, '10000', '2016-06-17', '2016-06-14 23:38:11');

-- --------------------------------------------------------

--
-- Table structure for table `expected_sales`
--

CREATE TABLE IF NOT EXISTS `expected_sales` (
  `expectedSaleId` int(11) NOT NULL,
  `customerId` int(11) NOT NULL,
  `expectedValue` varchar(255) COLLATE utf8_unicode_ci NOT NULL,
  `expectedDate` date NOT NULL,
  `dateTime` datetime NOT NULL,
  `employeeId` int(11) NOT NULL
) ENGINE=MyISAM AUTO_INCREMENT=27 DEFAULT CHARSET=utf8 COLLATE=utf8_unicode_ci;

--
-- Dumping data for table `expected_sales`
--

INSERT INTO `expected_sales` (`expectedSaleId`, `customerId`, `expectedValue`, `expectedDate`, `dateTime`, `employeeId`) VALUES
(16, 20, '500000', '2015-10-11', '2015-10-19 06:56:52', 34),
(15, 7, '100000', '2015-10-23', '2015-10-19 06:34:09', 7),
(14, 7, '500000', '2015-10-18', '2015-10-19 06:33:55', 7),
(13, 15, '200000', '2015-10-15', '2015-10-19 06:33:19', 7),
(8, 17, '500000', '2015-10-20', '2015-10-19 05:42:07', 34),
(9, 24, '400000', '2015-10-20', '2015-10-19 05:42:50', 34),
(10, 20, '200000', '2015-10-20', '2015-10-19 05:44:41', 34),
(11, 15, '30000', '2015-10-21', '2015-10-19 05:58:55', 7),
(12, 7, '444444', '2015-10-19', '2015-10-19 06:14:08', 7),
(17, 24, '12000', '2015-10-13', '2015-10-19 06:57:23', 34),
(18, 17, '20000', '2015-10-15', '2015-10-19 06:57:46', 34),
(19, 17, '100000', '2015-10-14', '2015-10-19 07:00:48', 34),
(20, 32, '50000', '2015-10-31', '2015-10-31 06:41:21', 28),
(21, 36, '1,50,000', '2015-11-02', '2015-10-31 07:58:29', 28),
(22, 17, '40000', '2015-11-19', '2015-11-16 22:59:30', 34),
(23, 7, '100000', '2016-04-27', '2016-04-27 05:10:32', 7),
(24, 40, '500000', '2016-06-11', '2016-06-10 02:21:27', 42),
(25, 15, '4000', '2016-06-11', '2016-06-10 23:27:29', 7),
(26, 42, '5000', '2016-06-12', '2016-06-13 00:57:19', 60);

-- --------------------------------------------------------

--
-- Table structure for table `final_payments`
--

CREATE TABLE IF NOT EXISTS `final_payments` (
  `id` int(11) NOT NULL,
  `ip` varchar(18) NOT NULL,
  `date` varchar(20) NOT NULL,
  `customer` varchar(150) NOT NULL,
  `email` varchar(250) NOT NULL,
  `mobile` varchar(50) NOT NULL,
  `invoice_date` varchar(20) NOT NULL,
  `invoice_id` varchar(50) NOT NULL,
  `invoice_amount` varchar(500) NOT NULL,
  `payment_terms` varchar(500) NOT NULL,
  `amount_recieved` varchar(500) NOT NULL,
  `amount_pending` varchar(500) NOT NULL,
  `executive` varchar(150) NOT NULL,
  `credit_period` varchar(150) NOT NULL,
  `next_payment_commited_date` varchar(25) NOT NULL,
  `delivery_commited_date` varchar(25) NOT NULL,
  `invoice_status` varchar(100) NOT NULL,
  `status` enum('0','1') NOT NULL DEFAULT '1'
) ENGINE=MyISAM AUTO_INCREMENT=19 DEFAULT CHARSET=latin1;

--
-- Dumping data for table `final_payments`
--

INSERT INTO `final_payments` (`id`, `ip`, `date`, `customer`, `email`, `mobile`, `invoice_date`, `invoice_id`, `invoice_amount`, `payment_terms`, `amount_recieved`, `amount_pending`, `executive`, `credit_period`, `next_payment_commited_date`, `delivery_commited_date`, `invoice_status`, `status`) VALUES
(13, '::1', '15-12-2014', 'chander', 'mani@gmail.com', '99999999', '26-11-2014', 'INV07', '115141', 'Against Delivery', '17', '0', 'mrcgoud', '<30 days', '15-12-2014', '28-12-2014', 'Dispatched', '1'),
(16, '', '12-12-2014', 'chander', 'ravi@gmail.com', '99999999', '20-02-2014', 'INV00', '12000', 'PDC', '2000', '10000', 'mrcgoud', '<30', '28-12-2014', '28-12-2014', 'in transmit.', '1'),
(17, '::1', '27-01-2015', 'C002', 'gm@gmail.com', '999999999', '27-01-2015', 'INV08', '10082', 'Direct Payment', '2000', '3500', 'admin', '<30 days', '05-02-2015', '17-03-2015', 'In Transit', '1'),
(18, '::1', '27-01-2015', 'C001', 'mothkooriramchander@gmail.com', '99999999', '26-01-2015', 'INV09', '14105', 'Advance', '4105', '10000', 'admin', '<30 days', '31-01-2015', '27-02-2015', 'In Transit', '1');

-- --------------------------------------------------------

--
-- Table structure for table `forgotpwd`
--

CREATE TABLE IF NOT EXISTS `forgotpwd` (
  `email` varchar(255) NOT NULL,
  `code` varchar(255) NOT NULL,
  `autoId` int(11) NOT NULL
) ENGINE=MyISAM AUTO_INCREMENT=8 DEFAULT CHARSET=latin1;

--
-- Dumping data for table `forgotpwd`
--

INSERT INTO `forgotpwd` (`email`, `code`, `autoId`) VALUES
('mrcgoud@gmail.com', '7924', 1);

-- --------------------------------------------------------

--
-- Table structure for table `invoices`
--

CREATE TABLE IF NOT EXISTS `invoices` (
  `invoiceId` int(11) NOT NULL,
  `reportId` int(11) NOT NULL,
  `subTotal` varchar(255) NOT NULL,
  `discount` varchar(255) NOT NULL,
  `total` varchar(255) NOT NULL,
  `dutyPercentage` varchar(255) NOT NULL,
  `dutyAmount` varchar(255) NOT NULL,
  `pfPercentage` varchar(255) NOT NULL,
  `pfAmount` varchar(255) NOT NULL,
  `grandTotal` varchar(255) NOT NULL,
  `expectedDispatchDate` date NOT NULL,
  `proInvoiceNumber` varchar(255) NOT NULL,
  `proInvoiceDateTime` datetime NOT NULL,
  `invoiceNumber` varchar(255) NOT NULL,
  `invoiceDateTime` datetime NOT NULL,
  `paymentStatus` varchar(255) NOT NULL DEFAULT '1',
  `invoiceStatus` varchar(255) NOT NULL,
  `closedDateTime` datetime NOT NULL,
  `lostDateTime` datetime NOT NULL
) ENGINE=MyISAM AUTO_INCREMENT=47 DEFAULT CHARSET=latin1;

--
-- Dumping data for table `invoices`
--

INSERT INTO `invoices` (`invoiceId`, `reportId`, `subTotal`, `discount`, `total`, `dutyPercentage`, `dutyAmount`, `pfPercentage`, `pfAmount`, `grandTotal`, `expectedDispatchDate`, `proInvoiceNumber`, `proInvoiceDateTime`, `invoiceNumber`, `invoiceDateTime`, `paymentStatus`, `invoiceStatus`, `closedDateTime`, `lostDateTime`) VALUES
(25, 111, '205000', '0', '205000', '12.5', '25625', '3', '6150', '205000', '0000-00-00', 'invpro.', '2015-11-14 05:45:54', 'inv', '2015-11-14 05:45:54', 'open', '', '0000-00-00 00:00:00', '0000-00-00 00:00:00'),
(26, 111, '1000000', '0', '1000000', '12.5', '125000', '3', '30000', '1155000', '0000-00-00', 'inv1pro.', '2015-11-14 05:46:54', 'inv1', '2015-11-14 05:46:54', 'open', '', '0000-00-00 00:00:00', '0000-00-00 00:00:00'),
(29, 112, '75000', '0', '75000', '12.5', '9375', '3', '2250', '86625', '0000-00-00', 'pro.inv.11.16.1', '2015-11-15 23:32:42', 'abc1', '2015-11-16 01:44:54', 'open', '', '2015-11-16 04:37:47', '0000-00-00 00:00:00'),
(30, 114, '75000', '0', '75000', '12.5', '9375', '3', '2250', '86625', '0000-00-00', 'pro.inv.11.16.3.0', '2015-11-15 23:43:57', 'abc', '2015-11-16 01:01:52', 'closed', '', '0000-00-00 00:00:00', '0000-00-00 00:00:00'),
(31, 115, '75000', '0', '75000', '12.5', '9375', '3', '2250', '86625', '0000-00-00', 'pro16.1', '2015-11-16 03:41:36', 'inv16.1', '2015-11-16 03:44:58', 'open', '', '0000-00-00 00:00:00', '0000-00-00 00:00:00'),
(32, 116, '165000', '4', '158400', '12.5', '19800', '3', '4752', '190002', '0000-00-00', 'pro.test.inv.11', '2015-11-16 05:46:05', 'inv.test.11.16.1', '2015-11-16 05:46:34', 'open', 'Invoice generated', '0000-00-00 00:00:00', '0000-00-00 00:00:00'),
(33, 117, '80000', '0', '80000', '12.5', '10000', '3', '2400', '92400', '0000-00-00', 'pro16.2', '2015-11-16 07:25:13', 'inv16.2', '2015-11-16 07:26:16', 'open', 'Invoice generated', '0000-00-00 00:00:00', '0000-00-00 00:00:00'),
(34, 118, '60000', '10', '54000', '12.5', '6750', '3', '1620', '63570', '0000-00-00', 'pro.ord.17.1', '2015-11-16 23:54:43', 'inv.ord.17.1', '2015-11-17 00:13:49', 'open', 'Invoice generated', '0000-00-00 00:00:00', '0000-00-00 00:00:00'),
(35, 118, '200000', '10', '180000', '12.5', '22500', '3', '5400', '211900', '0000-00-00', 'pro.ord.17.2', '2015-11-16 23:54:59', '', '0000-00-00 00:00:00', 'open', 'Proforma generated', '0000-00-00 00:00:00', '0000-00-00 00:00:00'),
(36, 119, '200000', '0', '200000', '12.5', '25000', '3', '6000', '231000', '0000-00-00', 'pro17.1', '2015-11-17 04:06:03', 'inv17.1', '2015-11-17 04:10:32', 'open', 'Invoice generated', '0000-00-00 00:00:00', '0000-00-00 00:00:00'),
(37, 121, '420000', '0', '420000', '12.5', '52500', '3', '12600', '493500', '0000-00-00', 'inv1748', '2016-06-09 05:18:44', 'INV3434', '2016-06-09 05:19:15', 'open', 'Invoice generated', '0000-00-00 00:00:00', '0000-00-00 00:00:00'),
(38, 120, '180000', '4', '172800', '12.5', '21600', '3', '5184', '203184', '0000-00-00', 'pro7845', '2016-06-09 05:19:01', 'INV4545', '2016-06-09 05:19:48', 'open', 'Invoice generated', '0000-00-00 00:00:00', '0000-00-00 00:00:00'),
(39, 122, '215000', '0', '215000', '12.5', '26875', '3', '6450', '252625', '0000-00-00', 'inv8585', '2016-06-10 23:18:26', 'inv8585', '2016-06-10 23:19:08', 'open', 'Invoice generated', '0000-00-00 00:00:00', '0000-00-00 00:00:00'),
(40, 122, '215000', '0', '215000', '12.5', '26875', '3', '6450', '252625', '0000-00-00', 'inv8585', '2016-06-10 23:18:26', '', '0000-00-00 00:00:00', 'open', 'Proforma generated', '0000-00-00 00:00:00', '0000-00-00 00:00:00'),
(41, 123, '110000', '0', '110000', '12.5', '13750', '3', '3300', '129250', '0000-00-00', 'inv9250', '2016-06-10 23:23:09', 'inv9250', '2016-06-10 23:23:30', 'open', 'Invoice generated', '0000-00-00 00:00:00', '0000-00-00 00:00:00'),
(42, 124, '40000', '10', '36000', '12.5', '4500', '3', '1080', '42380', '0000-00-00', 'inv6262', '2016-06-10 23:46:40', 'inv6262', '2016-06-10 23:46:52', 'open', 'Invoice generated', '0000-00-00 00:00:00', '0000-00-00 00:00:00'),
(43, 125, '95000', '5', '90250', '12.5', '11281.25', '3', '2707.5', '106138.75', '0000-00-00', 'prosum527', '2016-06-11 00:01:10', 'prosum527', '2016-06-11 00:01:38', 'open', 'Invoice generated', '0000-00-00 00:00:00', '0000-00-00 00:00:00'),
(44, 126, '100000', '2', '98000', '12.5', '12250', '3', '2940', '115190', '0000-00-00', 'eshproinv190', '2016-06-13 00:26:01', 'eshinv190', '2016-06-13 00:26:30', 'open', 'Invoice generated', '0000-00-00 00:00:00', '0000-00-00 00:00:00'),
(45, 127, '102500', '0', '102500', '12.5', '12812.5', '3', '3075', '120437.5', '0000-00-00', 'pro141', '2016-06-13 23:15:55', 'inv141', '2016-06-13 23:16:13', 'open', 'Invoice generated', '0000-00-00 00:00:00', '0000-00-00 00:00:00'),
(46, 131, '155000', '20', '124000', '12.5', '15500', '3', '3720', '146320', '0000-00-00', 'proinv121/2', '2016-06-21 01:42:22', 'inv121/2', '2016-06-21 01:43:47', 'open', 'Invoice generated', '0000-00-00 00:00:00', '0000-00-00 00:00:00');

-- --------------------------------------------------------

--
-- Table structure for table `invoice_data`
--

CREATE TABLE IF NOT EXISTS `invoice_data` (
  `id` int(11) NOT NULL,
  `invoiceId` int(11) NOT NULL,
  `categoryId` int(11) NOT NULL,
  `brandId` int(11) NOT NULL,
  `productId` int(11) NOT NULL,
  `price` varchar(255) NOT NULL,
  `quantity` varchar(255) NOT NULL,
  `cost` varchar(255) NOT NULL
) ENGINE=MyISAM AUTO_INCREMENT=30 DEFAULT CHARSET=latin1;

--
-- Dumping data for table `invoice_data`
--

INSERT INTO `invoice_data` (`id`, `invoiceId`, `categoryId`, `brandId`, `productId`, `price`, `quantity`, `cost`) VALUES
(18, 16, 10, 0, 24, '70', '3', '210'),
(17, 16, 9, 0, 39, '23', '5', '115'),
(16, 16, 7, 0, 34, '45', '6', '270'),
(27, 21, 13, 4, 43, '700', '1', '700'),
(28, 21, 13, 3, 41, '1500', '1', '1500'),
(29, 22, 13, 4, 46, '4040', '1', '4040');

-- --------------------------------------------------------

--
-- Table structure for table `months`
--

CREATE TABLE IF NOT EXISTS `months` (
  `id` int(11) NOT NULL,
  `month` varchar(50) NOT NULL
) ENGINE=MyISAM AUTO_INCREMENT=13 DEFAULT CHARSET=latin1;

--
-- Dumping data for table `months`
--

INSERT INTO `months` (`id`, `month`) VALUES
(1, 'January'),
(2, 'February'),
(3, 'March'),
(4, 'April'),
(5, 'May'),
(6, 'June'),
(7, 'July'),
(8, 'August'),
(9, 'September'),
(10, 'October'),
(11, 'November '),
(12, 'December');

-- --------------------------------------------------------

--
-- Table structure for table `month_plan`
--

CREATE TABLE IF NOT EXISTS `month_plan` (
  `id` int(11) NOT NULL,
  `ip` varchar(18) NOT NULL,
  `date` varchar(20) NOT NULL,
  `visit_date` varchar(20) NOT NULL,
  `month` varchar(150) NOT NULL,
  `year` varchar(150) NOT NULL,
  `customer` varchar(250) NOT NULL,
  `location` varchar(250) NOT NULL,
  `purpose_of_visit` varchar(150) NOT NULL,
  `remarks` varchar(15000) NOT NULL,
  `value` varchar(50) NOT NULL,
  `employee` varchar(150) NOT NULL
) ENGINE=MyISAM AUTO_INCREMENT=3 DEFAULT CHARSET=latin1;

--
-- Dumping data for table `month_plan`
--

INSERT INTO `month_plan` (`id`, `ip`, `date`, `visit_date`, `month`, `year`, `customer`, `location`, `purpose_of_visit`, `remarks`, `value`, `employee`) VALUES
(2, '::1', '24-01-2015', '20-02-2015', '02', '2015', 'C001', 'Hyderabad', 'New enquiry', 'None                                        ', '15000', 'EMP005');

-- --------------------------------------------------------

--
-- Table structure for table `orders`
--

CREATE TABLE IF NOT EXISTS `orders` (
  `id` int(11) NOT NULL,
  `reportId` int(11) NOT NULL,
  `invoice` varchar(255) NOT NULL,
  `subTotal` varchar(255) NOT NULL,
  `cstVat` varchar(255) NOT NULL,
  `deliveryCharges` varchar(255) NOT NULL,
  `placedBy` varchar(255) NOT NULL,
  `status` enum('0','1') NOT NULL DEFAULT '1',
  `dateTime` datetime NOT NULL
) ENGINE=MyISAM AUTO_INCREMENT=52 DEFAULT CHARSET=latin1;

--
-- Dumping data for table `orders`
--

INSERT INTO `orders` (`id`, `reportId`, `invoice`, `subTotal`, `cstVat`, `deliveryCharges`, `placedBy`, `status`, `dateTime`) VALUES
(40, 0, '', '2200', '264', '0', '1000', '1', '2015-08-14 15:11:45'),
(41, 0, '', '4040', '485', '0', '1004', '1', '2015-08-17 12:13:43'),
(47, 30, 'INV4152', '', '', '', '', '1', '2015-09-29 12:03:59'),
(48, 36, 'inoctish1424', '', '', '', '', '1', '2015-10-01 06:35:12'),
(49, 37, 'inv009', '', '', '', '', '1', '2015-10-02 08:26:55'),
(50, 39, 'INV abc123', '', '', '', '', '1', '2015-10-06 02:49:53'),
(51, 40, 'testnginv123', '', '', '', '', '1', '2015-10-08 02:05:49');

-- --------------------------------------------------------

--
-- Table structure for table `order_status`
--

CREATE TABLE IF NOT EXISTS `order_status` (
  `statusId` int(11) NOT NULL,
  `orderId` int(11) NOT NULL,
  `status` varchar(255) NOT NULL,
  `remarks` text NOT NULL,
  `dateTime` datetime NOT NULL
) ENGINE=MyISAM AUTO_INCREMENT=8 DEFAULT CHARSET=latin1;

--
-- Dumping data for table `order_status`
--

INSERT INTO `order_status` (`statusId`, `orderId`, `status`, `remarks`, `dateTime`) VALUES
(1, 47, 'Pending', 'NO STOCK', '2015-09-29 13:34:31'),
(6, 47, 'Closed', '', '2015-09-30 12:55:44'),
(4, 47, 'Pending', '', '2015-09-29 14:48:58'),
(5, 47, 'Open', '', '2015-09-29 14:49:09'),
(7, 47, 'Dispatched', '', '2015-10-01 05:47:54');

-- --------------------------------------------------------

--
-- Table structure for table `payments`
--

CREATE TABLE IF NOT EXISTS `payments` (
  `id` int(11) NOT NULL,
  `invoiceId` int(11) NOT NULL,
  `amountRecieved` varchar(255) NOT NULL,
  `executive` int(11) NOT NULL,
  `paidDate` date NOT NULL,
  `dateTime` datetime NOT NULL
) ENGINE=MyISAM AUTO_INCREMENT=32 DEFAULT CHARSET=latin1;

-- --------------------------------------------------------

--
-- Table structure for table `products`
--

CREATE TABLE IF NOT EXISTS `products` (
  `productId` int(11) NOT NULL,
  `productNumber` varchar(255) NOT NULL,
  `product` varchar(255) NOT NULL,
  `code` varchar(255) NOT NULL,
  `category` varchar(255) NOT NULL,
  `brand` int(11) NOT NULL,
  `minQuantity` int(11) NOT NULL,
  `maxQuantity` int(11) NOT NULL,
  `status` int(11) NOT NULL,
  `addedBy` varchar(255) NOT NULL,
  `dateTime` datetime NOT NULL
) ENGINE=MyISAM AUTO_INCREMENT=145 DEFAULT CHARSET=latin1;

--
-- Dumping data for table `products`
--

INSERT INTO `products` (`productId`, `productNumber`, `product`, `code`, `category`, `brand`, `minQuantity`, `maxQuantity`, `status`, `addedBy`, `dateTime`) VALUES
(65, 'PR11', 'CENTRIFUGAL PUMPS', 'ROTARY TOOTH', '16', 9, 4000, 0, 1, '1', '2015-09-29 15:39:17'),
(64, 'PR10', 'OIL FREE COMPRESSORS', 'CENTRIFUGAL', '16', 10, 400, 0, 1, '1', '2015-09-29 15:38:45'),
(63, 'PR9', 'ADHESIVES & TAPES', '3M ADHESIVES & TAPES', '18', 10, 100, 0, 1, '1', '2015-09-29 15:37:48'),
(61, 'PR7', 'GATE VALVES', 'SICCA 800-1500 - TYPE GTF', '13', 10, 2200, 0, 1, '1', '2015-09-29 15:36:50'),
(62, 'PR8', 'GATE VALVES', 'SICCA  150-600 - TYPE GTC', '13', 9, 500, 0, 1, '1', '2015-09-29 15:37:13'),
(55, 'PR1', 'CENTRIFUGAL PUMPS', 'MEGA', '12', 13, 500, 0, 1, '1', '2015-09-29 14:55:02'),
(56, 'PR2', 'CENTRIFUGAL PUMPS', 'MEGACHEM', '12', 13, 500, 0, 1, '1', '2015-09-29 14:55:42'),
(57, 'PR3', 'CENTRIFUGAL PUMPS', 'CPK', '12', 13, 20, 0, 1, '1', '2015-09-29 14:56:30'),
(58, 'PR4', 'CENTRIFUGAL PUMPS', 'RPHB / RPKS', '12', 10, 500, 0, 1, '1', '2015-09-29 14:57:04'),
(59, 'PR5', 'CENTRIFUGAL PUMPS', 'APP', '12', 10, 100, 0, 1, '1', '2015-09-29 14:57:26'),
(60, 'PR6', 'CENTRIFUGAL PUMPS', 'kwp', '12', 9, 20, 0, 1, '1', '2015-09-29 14:57:55'),
(66, 'PR12', 'CENTRIFUGAL PUMPS', 'MEGA', '12', 13, 100, 0, 1, '1', '2015-10-02 00:45:30'),
(67, 'PR13', 'CENTRIFUGAL PUMPS', 'MEGACHEM', '12', 13, 50, 0, 1, '1', '2015-10-02 00:46:25'),
(68, 'PR14', 'CENTRIFUGAL PUMPS', 'CPK', '12', 13, 80, 0, 1, '1', '2015-10-02 00:47:00'),
(69, 'PR15', 'CENTRIFUGAL PUMPS', 'RPH', '12', 13, 100, 0, 1, '1', '2015-10-02 00:47:29'),
(70, 'PR16', 'CENTRIFUGAL PUMPS', 'RPHB / RPKS', '12', 13, 40, 0, 1, '1', '2015-10-02 00:48:08'),
(71, 'PR17', 'CENTRIFUGAL PUMPS', 'APP', '12', 13, 50, 0, 1, '1', '2015-10-02 00:48:51'),
(72, 'PR18', 'CENTRIFUGAL PUMPS', 'KWP', '12', 13, 200, 0, 1, '1', '2015-10-02 00:49:17'),
(73, 'PR19', 'CENTRIFUGAL PUMPS', 'WKL', '12', 13, 400, 0, 1, '1', '2015-10-02 00:49:42'),
(74, 'PR20', 'CENTRIFUGAL PUMPS', 'MOVI', '12', 13, 300, 0, 1, '1', '2015-10-02 00:50:09'),
(75, 'PR21', 'CENTRIFUGAL PUMPS', 'MOVITEC VCF', '12', 13, 150, 0, 1, '1', '2015-10-02 00:50:52'),
(76, 'PR22', 'CENTRIFUGAL PUMPS', 'MULTITEC', '12', 13, 100, 0, 1, '1', '2015-10-02 00:51:53'),
(77, 'PR23', 'CENTRIFUGAL PUMPS', 'WKT / WKTA / WKTR / WKB', '12', 13, 100, 0, 1, '1', '2015-10-02 00:52:59'),
(78, 'PR24', 'CENTRIFUGAL PUMPS', 'HDA', '12', 13, 80, 0, 1, '1', '2015-10-02 00:53:29'),
(79, 'PR25', 'GATE VALVES', 'SICCA 800-1500 - TYPE GTF', '13', 13, 450, 0, 1, '1', '2015-10-02 01:35:41'),
(80, 'PR26', 'GATE VALVES', 'SICCA  150-600 - TYPE GTC', '13', 13, 550, 0, 1, '1', '2015-10-02 01:36:12'),
(81, 'PR27', 'GATE VALVES', 'SICCA  900-2500 - TYPE GTC', '13', 13, 100, 0, 1, '1', '2015-10-02 01:36:42'),
(82, 'PR28', 'NON-FLAME PROOF MOTORS', 'IE2 : 1SEO - N', '14', 14, 400, 0, 1, '1', '2015-10-02 01:46:53'),
(83, 'PR29', 'NON-FLAME PROOF MOTORS', 'IE2 : 1LA2 - N', '14', 14, 200, 0, 1, '1', '2015-10-02 01:47:57'),
(84, 'PR30', 'NON-FLAME PROOF MOTORS', 'IS 325 motors:1LAO IMB3', '14', 14, 100, 0, 1, '1', '2015-10-02 01:49:51'),
(85, 'PR31', 'NON-FLAME PROOF MOTORS', 'IS 325 motors:1LAO IMB5', '14', 14, 300, 0, 1, '1', '2015-10-02 01:50:46'),
(86, 'PR32', 'OIL FREE COMPRESSORS', 'oil free centrifugal compressors', '16', 15, 100, 0, 1, '1', '2015-10-02 02:02:40'),
(87, 'PR33', 'OIL FREE COMPRESSORS', 'OIL FREE ROATARY TOOTH COMPRESSORS', '16', 15, 350, 0, 1, '1', '2015-10-02 02:04:23'),
(88, 'PR34', 'OIL FREE COMPRESSORS', 'OIL FREE SCREW COMPRESSORS', '16', 15, 300, 0, 1, '1', '2015-10-02 02:05:54'),
(89, 'PR35', 'OIL FREE COMPRESSORS', 'OIL FREE SCROLL COMPRESSORS', '16', 15, 200, 0, 1, '1', '2015-10-02 02:06:47'),
(90, 'PR36', 'OIL FREE COMPRESSORS', 'OIL FREE SCROLL COMPRESSORS', '16', 15, 200, 0, 1, '1', '2015-10-02 02:06:53'),
(91, 'PR37', 'OIL FREE COMPRESSORS', 'OIL FREE RECIPROCATING PISTON COMPRESSORS', '16', 15, 1500, 0, 1, '1', '2015-10-02 02:07:47'),
(92, 'PR38', 'FOOD GRADE OIL & GREASE', 'OKS476', '17', 16, 200, 0, 1, '1', '2015-10-02 02:26:09'),
(93, 'PR39', 'FOOD GRADE OIL & GREASE', 'OKS3720', '17', 16, 250, 0, 1, '1', '2015-10-02 02:26:53'),
(94, 'PR40', 'FOOD GRADE OIL & GREASE', 'KLBERSYNTH UH1 14-151', '17', 16, 2400, 0, 1, '1', '2015-10-02 02:28:04'),
(95, 'PR41', 'FOOD GRADE OIL & GREASE', 'ISOFLEX NBU 15', '17', 16, 120, 0, 1, '1', '2015-10-02 02:28:57'),
(96, 'PR42', 'ADHESIVES & TAPES', '3M ADHESIVES & TAPES', '18', 17, 600, 0, 1, '1', '2015-10-02 02:42:29'),
(97, 'PR43', 'WATER TREATMENT PLANTS & SPARE', 'MEMBRANE SEPARATION', '15', 18, 800, 0, 1, '1', '2015-10-02 05:23:27'),
(98, 'PR44', 'SUBMERSIBLE PUMPS', 'SUBMERSIBLE MOTOR PUMPS', '12', 13, 20, 0, 1, '1', '2015-10-06 07:34:45'),
(99, 'PR45', 'SUBMERSIBLE PUMPS', 'HYDROBLOC', '12', 13, 50, 0, 1, '1', '2015-10-06 07:35:20'),
(100, 'PR46', 'PLUNGER PUMPS', 'HIGH PRESSURE TRIPLEX PUMPS', '12', 19, 10, 0, 1, '1', '2015-10-06 07:40:20'),
(101, 'PR47', 'PLUNGER PUMPS', 'POWER END', '12', 19, 50, 0, 1, '1', '2015-10-06 07:41:35'),
(102, 'PR48', 'PLUNGER PUMPS', 'PL SERIES', '12', 19, 40, 0, 1, '1', '2015-10-06 07:47:48'),
(103, 'PR49', 'HYDRAULIC PUMPS', 'HYDRAULIC PUUMPS (HD SERIES)', '12', 19, 30, 0, 1, '1', '2015-10-06 07:50:37'),
(104, 'PR50', 'ELECTRONIC DOSING PUMPS', 'ELECTRONIC DOSING PUMP (ANT)', '12', 19, 50, 0, 1, '1', '2015-10-06 07:51:44'),
(105, 'PR51', 'DIAPHRAGM PUMPS', 'DIAPHRAGM PUMPS (MD SERIES)', '12', 19, 10, 0, 1, '1', '2015-10-06 07:52:22'),
(106, 'PR52', 'HIGH PRESSURE TRIPLEX PUMPS', 'LIQUID END', '12', 19, 20, 0, 1, '1', '2015-10-06 07:53:11'),
(107, 'PR53', 'HIGH PRESSURE TRIPLEX PUMPS', 'POWER END', '12', 19, 50, 0, 1, '1', '2015-10-06 07:54:06'),
(108, 'PR54', 'SCREW PUMPS', 'SCREW PUMPS (PROGRESSIVE CAVITY PUMPS)', '12', 19, 50, 0, 1, '1', '2015-10-06 07:54:54'),
(109, 'PR55', 'HYDRO PNEUMATIC SYSTEMS', 'MOVIBOOST K, V, VP', '12', 13, 20, 0, 1, '1', '2015-10-06 07:55:38'),
(110, 'PR56', 'GLOBE VALVES', 'SICCA  800-2500 - TYPE GLF', '13', 13, 20, 0, 1, '1', '2015-10-06 07:56:55'),
(111, 'PR57', 'GLOBE VALVES', 'SICCA  150-600 - TYPE GLC', '13', 13, 20, 0, 1, '1', '2015-10-06 07:57:32'),
(112, 'PR58', 'CHECK VALVES', 'SICCA  800-2500 - TYPE PCF', '13', 13, 10, 0, 1, '1', '2015-10-06 07:58:07'),
(113, 'PR59', 'CHECK VALVES', 'SICCA  150-600 - TYPE SCC', '13', 13, 50, 0, 1, '1', '2015-10-06 07:58:31'),
(114, 'PR60', 'WAFER CHECK VALVE', 'IVC, IVCT - WAFER TYPE SWING CHECK VALVE', '13', 20, 10, 0, 1, '1', '2015-10-06 08:00:55'),
(115, 'PR61', 'BUTTERFLY VALVES', 'VGKL SUPERIOR PERFORMANCE AT REDUCED COST RUBBER LINED BUTTERFLY VALVES FOR HVAC AND UTILITIES', '13', 20, 50, 0, 1, '1', '2015-10-06 08:01:43'),
(116, 'PR62', 'BUTTERFLY VALVES', 'IVGK - GENERAL PURPOSE RUBBER LINED BUTTERFLY VALVE', '13', 20, 10, 0, 1, '1', '2015-10-06 08:02:18'),
(117, 'PR63', 'BALL VALVES', 'ECOLINE BLT-S 150-300', '13', 13, 20, 0, 1, '1', '2015-10-06 08:02:55'),
(118, 'PR64', 'BALL VALVES', 'ECOLINE BLC-S 400-800', '13', 13, 40, 0, 1, '1', '2015-10-06 08:03:29'),
(119, 'PR65', 'GEARED MOTORS', 'SIEMENS GEAR MOTORS AND GEAR UNITS', '14', 21, 20, 0, 1, '1', '2015-10-06 08:09:28'),
(120, 'PR66', 'OIL-INJECTED ROTARY SCREW COMPRESSORS', 'GX 2-11', '16', 23, 50, 0, 1, '1', '2015-10-06 08:14:19'),
(121, 'PR67', 'OIL-INJECTED ROTARY SCREW COMPRESSORS', 'GA 7-37 VSD+', '16', 23, 10, 0, 1, '1', '2015-10-06 08:14:49'),
(122, 'PR68', 'NITROGEN & OXYGEN PLANTS', 'NITROGEN GENERATORS', '16', 23, 40, 0, 1, '1', '2015-10-06 08:15:54'),
(123, 'PR69', 'NITROGEN & OXYGEN PLANTS', 'OXYGEN GENERATORS', '16', 23, 10, 0, 1, '1', '2015-10-06 08:16:27'),
(124, 'PR70', 'HIGH VACUUM PUMPS', 'GV 20-300', '16', 23, 10, 0, 1, '1', '2015-10-06 08:17:04'),
(125, 'PR71', 'HIGH VACUUM PUMPS', 'GV 630-4800', '16', 23, 20, 0, 1, '1', '2015-10-06 08:17:29'),
(126, 'PR72', 'ENERGY RECOVERY', 'ER 90-900', '16', 23, 10, 0, 1, '1', '2015-10-06 08:18:12'),
(127, 'PR73', 'ENERGY RECOVERY', 'GEOTHERMAL POWER PLANTS', '16', 23, 40, 0, 1, '1', '2015-10-06 08:18:32'),
(128, 'PR74', 'AIRNET', 'AIRNET', '16', 23, 20, 0, 1, '1', '2015-10-06 08:19:03'),
(129, 'PR75', 'AIR DRYERS', 'FD', '16', 23, 30, 0, 1, '1', '2015-10-06 08:19:36'),
(131, 'PR77', 'HIGH TEMPERATURE OIL & GREASE', 'OKS410', '17', 16, 50, 0, 1, '1', '2015-10-06 08:21:58'),
(132, 'PR78', 'HIGH TEMPERATURE OIL & GREASE', 'OKS420', '17', 16, 20, 0, 1, '1', '2015-10-06 08:22:32'),
(133, 'PR79', 'CORROSION PROTECTION & INHIBITORS', 'OKS451', '17', 16, 50, 0, 1, '1', '2015-10-06 08:23:13'),
(134, 'PR80', 'CORROSION PROTECTION & INHIBITORS', 'OKS641', '17', 16, 20, 0, 1, '1', '2015-10-06 08:23:47'),
(135, 'PR81', 'ADHESIVES & TAPES', '3M ADHESIVES & TAPES', '18', 17, 50, 0, 1, '1', '2015-10-06 08:24:31'),
(136, 'PR82', 'VHB TAPES', '3M VHB TAPES', '18', 17, 10, 0, 1, '1', '2015-10-06 08:25:02'),
(137, 'PR83', 'NON-FLAME PROOF MOTORS', 'IE2 : 1SEO - N', '14', 21, 20, 0, 1, '1', '2015-10-06 08:33:05'),
(138, 'PR84', 'NON-FLAME PROOF MOTORS', 'IE3 : 1LA2 - N', '14', 21, 20, 0, 0, '1', '2015-10-06 08:33:58'),
(143, 'PR85', 'NON-FLAME PROOF MOTORS', 'IE3 : 1LA2 - N', '14', 21, 20, 0, 1, '7', '2015-11-07 04:55:01'),
(144, 'PR86', 'impeller', '115', '12', 13, 10, 0, 1, '7', '2015-11-07 04:57:40');

-- --------------------------------------------------------

--
-- Table structure for table `product_acp_sheets`
--

CREATE TABLE IF NOT EXISTS `product_acp_sheets` (
  `autoId` int(11) NOT NULL,
  `productId` int(11) NOT NULL,
  `code` varchar(255) NOT NULL,
  `color` varchar(255) NOT NULL,
  `parameter1_4_8` varchar(255) NOT NULL,
  `parameter2_4_10` varchar(255) NOT NULL,
  `parameter3_4_12` varchar(255) NOT NULL,
  `parameter4_4_8` varchar(255) NOT NULL,
  `parameter5_4_10` varchar(255) NOT NULL,
  `parameter6_4_12` varchar(255) NOT NULL,
  `parameter7_4_8` varchar(255) NOT NULL,
  `parameter8_4_10` varchar(255) NOT NULL,
  `parameter9_4_12` varchar(255) NOT NULL,
  `parameter10_4_8` varchar(255) NOT NULL,
  `parameter11_4_10` varchar(255) NOT NULL,
  `parameter12_4_12` varchar(255) NOT NULL,
  `parameter13_4_8` varchar(255) NOT NULL,
  `parameter14_4_10` varchar(255) NOT NULL,
  `parameter15_4_12` varchar(255) NOT NULL
) ENGINE=MyISAM AUTO_INCREMENT=5 DEFAULT CHARSET=latin1;

--
-- Dumping data for table `product_acp_sheets`
--

INSERT INTO `product_acp_sheets` (`autoId`, `productId`, `code`, `color`, `parameter1_4_8`, `parameter2_4_10`, `parameter3_4_12`, `parameter4_4_8`, `parameter5_4_10`, `parameter6_4_12`, `parameter7_4_8`, `parameter8_4_10`, `parameter9_4_12`, `parameter10_4_8`, `parameter11_4_10`, `parameter12_4_12`, `parameter13_4_8`, `parameter14_4_10`, `parameter15_4_12`) VALUES
(4, 39, '', 'Goldeeee', '5134', '4234', '6234', '3634', '8434', '5734', '95634', '2534', '3634', '3634', '2534', '32534', '363434', '2534', '248888888888888888834');

-- --------------------------------------------------------

--
-- Table structure for table `product_acrylic_solid_surface_sheets`
--

CREATE TABLE IF NOT EXISTS `product_acrylic_solid_surface_sheets` (
  `autoId` int(11) NOT NULL,
  `productId` int(11) NOT NULL,
  `color` varchar(255) NOT NULL,
  `code` varchar(255) NOT NULL,
  `6mm` varchar(255) NOT NULL,
  `12mm` varchar(255) NOT NULL
) ENGINE=MyISAM AUTO_INCREMENT=5 DEFAULT CHARSET=latin1;

--
-- Dumping data for table `product_acrylic_solid_surface_sheets`
--

INSERT INTO `product_acrylic_solid_surface_sheets` (`autoId`, `productId`, `color`, `code`, `6mm`, `12mm`) VALUES
(2, 29, 'White', 'S-002', '20 sq ft', '30 sq ft'),
(3, 30, 'Ivory', 'S-004', '4', '-'),
(4, 31, 'Grey', 'S-006', '22', '32');

-- --------------------------------------------------------

--
-- Table structure for table `product_adhesives`
--

CREATE TABLE IF NOT EXISTS `product_adhesives` (
  `autoId` int(11) NOT NULL,
  `productId` int(11) NOT NULL,
  `color` varchar(255) NOT NULL,
  `code` varchar(255) NOT NULL,
  `6mm` varchar(255) NOT NULL,
  `12mm` varchar(255) NOT NULL
) ENGINE=MyISAM AUTO_INCREMENT=5 DEFAULT CHARSET=latin1;

--
-- Dumping data for table `product_adhesives`
--

INSERT INTO `product_adhesives` (`autoId`, `productId`, `color`, `code`, `6mm`, `12mm`) VALUES
(2, 32, 'S / White ', 'H-01', 'adhesiveSix', '-'),
(3, 33, 'Sand Brown', 'H-26', 'adhesiveSix', '-'),
(4, 34, 'Grayrrr', 'H-03', '23', '444');

-- --------------------------------------------------------

--
-- Table structure for table `product_polyurethanes`
--

CREATE TABLE IF NOT EXISTS `product_polyurethanes` (
  `autoId` int(11) NOT NULL,
  `productId` int(11) NOT NULL,
  `totalDrum` varchar(255) NOT NULL,
  `perDrum` varchar(255) NOT NULL,
  `totalKgs` varchar(255) NOT NULL
) ENGINE=MyISAM AUTO_INCREMENT=22 DEFAULT CHARSET=latin1;

--
-- Dumping data for table `product_polyurethanes`
--

INSERT INTO `product_polyurethanes` (`autoId`, `productId`, `totalDrum`, `perDrum`, `totalKgs`) VALUES
(20, 26, '34', '2101', '14701'),
(19, 25, '32', '210', '6720'),
(18, 24, '0', '210', '0'),
(17, 23, '14', '210', '2940'),
(16, 22, '4', '250', '1000');

-- --------------------------------------------------------

--
-- Table structure for table `product_price`
--

CREATE TABLE IF NOT EXISTS `product_price` (
  `autoId` int(11) NOT NULL,
  `productId` int(11) NOT NULL,
  `price` varchar(255) NOT NULL,
  `fromDate` date NOT NULL,
  `dateTime` datetime NOT NULL
) ENGINE=MyISAM AUTO_INCREMENT=142 DEFAULT CHARSET=latin1;

--
-- Dumping data for table `product_price`
--

INSERT INTO `product_price` (`autoId`, `productId`, `price`, `fromDate`, `dateTime`) VALUES
(32, 49, '444', '2015-10-15', '2015-09-21 12:45:41'),
(49, 55, '10000', '2015-09-29', '2015-09-29 14:55:02'),
(26, 45, '400', '2015-08-17', '2015-08-17 11:03:23'),
(29, 48, '3555', '2015-08-21', '2015-08-21 16:16:03'),
(30, 49, '200', '2015-09-21', '2015-09-21 11:23:01'),
(27, 46, '4040', '2015-08-17', '2015-08-17 11:06:19'),
(28, 47, '4000', '2015-08-17', '2015-08-17 11:07:33'),
(34, 45, '415', '2015-09-25', '2015-09-25 14:01:26'),
(35, 46, '100', '2015-09-25', '2015-09-25 14:02:04'),
(36, 50, '', '2015-09-25', '2015-09-25 16:45:56'),
(37, 51, 'jkjk', '2015-09-25', '2015-09-25 16:55:28'),
(38, 52, '4000', '2015-09-25', '2015-09-25 16:56:13'),
(39, 53, 'gfg', '2015-09-25', '2015-09-25 16:59:48'),
(43, 52, '44', '0000-00-00', '2015-09-25 17:21:12'),
(46, 49, '12121', '2015-09-29', '2015-09-26 10:21:53'),
(47, 54, '10000', '2015-09-28', '2015-09-28 11:03:55'),
(50, 56, '4000', '2015-09-29', '2015-09-29 14:55:42'),
(51, 57, '2000', '2015-09-29', '2015-09-29 14:56:30'),
(52, 58, '1000', '2015-09-29', '2015-09-29 14:57:04'),
(53, 59, '100', '2015-09-29', '2015-09-29 14:57:26'),
(54, 60, '1200', '2015-09-29', '2015-09-29 14:57:55'),
(55, 61, '1400', '2015-09-29', '2015-09-29 15:36:50'),
(56, 62, '700', '2015-09-29', '2015-09-29 15:37:13'),
(57, 63, '4000', '2015-09-29', '2015-09-29 15:37:48'),
(58, 64, '5000', '2015-09-29', '2015-09-29 15:38:45'),
(59, 65, '2000', '2015-09-29', '2015-09-29 15:39:17'),
(60, 66, '1200', '2015-10-02', '2015-10-02 00:45:30'),
(61, 67, '1400', '2015-10-02', '2015-10-02 00:46:25'),
(62, 68, '3000', '2015-10-02', '2015-10-02 00:47:00'),
(63, 69, '1700', '2015-10-02', '2015-10-02 00:47:29'),
(64, 70, '1000', '2015-10-02', '2015-10-02 00:48:08'),
(65, 71, '2500', '2015-10-02', '2015-10-02 00:48:51'),
(66, 72, '1800', '2015-10-02', '2015-10-02 00:49:17'),
(67, 73, '3000', '2015-10-02', '2015-10-02 00:49:42'),
(68, 74, '2000', '2015-10-02', '2015-10-02 00:50:09'),
(69, 75, '2500', '2015-10-02', '2015-10-02 00:50:52'),
(70, 76, '1000', '2015-10-02', '2015-10-02 00:51:53'),
(71, 77, '2000', '2015-10-02', '2015-10-02 00:52:59'),
(72, 78, '2500', '2015-10-02', '2015-10-02 00:53:29'),
(73, 79, '1000', '2015-10-02', '2015-10-02 01:35:41'),
(74, 80, '5000', '2015-10-02', '2015-10-02 01:36:12'),
(75, 81, '3000', '2015-10-02', '2015-10-02 01:36:42'),
(76, 82, '2000', '2015-10-02', '2015-10-02 01:46:53'),
(77, 83, '2400', '2015-10-02', '2015-10-02 01:47:57'),
(78, 84, '3000', '2015-10-02', '2015-10-02 01:49:51'),
(79, 85, '900', '2015-10-02', '2015-10-02 01:50:46'),
(80, 86, '2900', '2015-10-02', '2015-10-02 02:02:40'),
(81, 87, '5000', '2015-10-02', '2015-10-02 02:04:23'),
(82, 88, '2300', '2015-10-02', '2015-10-02 02:05:54'),
(83, 89, '2000', '2015-10-02', '2015-10-02 02:06:47'),
(84, 90, '2000', '2015-10-02', '2015-10-02 02:06:53'),
(85, 91, '5500', '2015-10-02', '2015-10-02 02:07:47'),
(86, 92, '2499', '2015-10-02', '2015-10-02 02:26:09'),
(87, 93, '3000', '2015-10-02', '2015-10-02 02:26:53'),
(88, 94, '3000', '2015-10-02', '2015-10-02 02:28:04'),
(89, 95, '4000', '2015-10-02', '2015-10-02 02:28:57'),
(90, 96, '2500', '2015-10-02', '2015-10-02 02:42:29'),
(91, 97, '3000', '2015-10-02', '2015-10-02 05:23:27'),
(92, 98, '1500', '2015-10-06', '2015-10-06 07:34:45'),
(93, 99, '2000', '2015-10-06', '2015-10-06 07:35:20'),
(94, 100, '3000', '2015-10-06', '2015-10-06 07:40:20'),
(95, 101, '3000', '2015-10-06', '2015-10-06 07:41:35'),
(96, 102, '4000', '2015-10-06', '2015-10-06 07:47:48'),
(97, 103, '3000', '2015-10-06', '2015-10-06 07:50:37'),
(98, 104, '1200', '2015-10-06', '2015-10-06 07:51:44'),
(99, 105, '3500', '2015-10-06', '2015-10-06 07:52:22'),
(100, 106, '2000', '2015-10-06', '2015-10-06 07:53:11'),
(101, 107, '2000', '2015-10-06', '2015-10-06 07:54:06'),
(102, 108, '3000', '2015-10-06', '2015-10-06 07:54:54'),
(103, 109, '2000', '2015-10-06', '2015-10-06 07:55:38'),
(104, 110, '1500', '2015-10-06', '2015-10-06 07:56:55'),
(105, 111, '2000', '2015-10-06', '2015-10-06 07:57:32'),
(106, 112, '1500', '2015-10-06', '2015-10-06 07:58:07'),
(107, 113, '3500', '2015-10-06', '2015-10-06 07:58:31'),
(108, 114, '1500', '2015-10-06', '2015-10-06 08:00:55'),
(109, 115, '3500', '2015-10-06', '2015-10-06 08:01:43'),
(110, 116, '3000', '2015-10-06', '2015-10-06 08:02:18'),
(111, 117, '4000', '2015-10-06', '2015-10-06 08:02:55'),
(112, 118, '3500', '2015-10-06', '2015-10-06 08:03:29'),
(113, 119, '4000', '2015-10-06', '2015-10-06 08:09:28'),
(114, 120, '3000', '2015-10-06', '2015-10-06 08:14:19'),
(115, 121, '3500', '2015-10-06', '2015-10-06 08:14:49'),
(116, 122, '1500', '2015-10-06', '2015-10-06 08:15:54'),
(117, 123, '1200', '2015-10-06', '2015-10-06 08:16:27'),
(118, 124, '2000', '2015-10-06', '2015-10-06 08:17:04'),
(119, 125, '4000', '2015-10-06', '2015-10-06 08:17:29'),
(120, 126, '4000', '2015-10-06', '2015-10-06 08:18:12'),
(121, 127, '3000', '2015-10-06', '2015-10-06 08:18:32'),
(122, 128, '1500', '2015-10-06', '2015-10-06 08:19:03'),
(123, 129, '4000', '2015-10-06', '2015-10-06 08:19:36'),
(124, 130, '3500', '2015-10-06', '2015-10-06 08:19:56'),
(125, 131, '3000', '2015-10-06', '2015-10-06 08:21:58'),
(126, 132, '2000', '2015-10-06', '2015-10-06 08:22:32'),
(127, 133, '2000', '2015-10-06', '2015-10-06 08:23:13'),
(128, 134, '4000', '2015-10-06', '2015-10-06 08:23:47'),
(129, 135, '4000', '2015-10-06', '2015-10-06 08:24:31'),
(130, 136, '1500', '2015-10-06', '2015-10-06 08:25:02'),
(131, 137, '4000', '2015-10-06', '2015-10-06 08:33:05'),
(132, 138, '3000', '2015-10-06', '2015-10-06 08:33:58'),
(133, 139, '3500', '2015-10-06', '2015-10-06 08:36:42'),
(135, 139, '100000', '2015-10-28', '2015-10-27 01:24:02'),
(136, 139, '1000', '2015-10-30', '2015-10-27 02:14:45'),
(137, 140, '5000', '2015-11-05', '2015-11-05 23:31:52'),
(138, 141, '5000', '2015-11-05', '2015-11-05 23:32:00'),
(139, 142, '5000', '2015-11-07', '2015-11-07 04:45:37'),
(140, 143, '4000', '2015-11-07', '2015-11-07 04:55:01'),
(141, 144, '2000', '2015-11-07', '2015-11-07 04:57:40');

-- --------------------------------------------------------

--
-- Table structure for table `proposals`
--

CREATE TABLE IF NOT EXISTS `proposals` (
  `proposalId` int(11) NOT NULL,
  `proposalNumber` varchar(255) NOT NULL,
  `date` date NOT NULL,
  `customer` int(11) NOT NULL,
  `value` varchar(255) NOT NULL,
  `description` text NOT NULL,
  `quantity` varchar(255) NOT NULL,
  `executive` int(11) NOT NULL,
  `dueDate` date NOT NULL
) ENGINE=MyISAM AUTO_INCREMENT=3 DEFAULT CHARSET=latin1;

--
-- Dumping data for table `proposals`
--

INSERT INTO `proposals` (`proposalId`, `proposalNumber`, `date`, `customer`, `value`, `description`, `quantity`, `executive`, `dueDate`) VALUES
(1, 'pro123', '2015-09-07', 5, '', '', '', 7, '0000-00-00'),
(2, 'pro456', '2015-09-07', 5, '', '', '', 6, '0000-00-00');

-- --------------------------------------------------------

--
-- Table structure for table `reports`
--

CREATE TABLE IF NOT EXISTS `reports` (
  `id` int(11) NOT NULL,
  `ip` varchar(20) NOT NULL,
  `created_by` varchar(500) NOT NULL,
  `date` varchar(20) NOT NULL,
  `customer_name` varchar(500) NOT NULL,
  `contact_person` varchar(500) NOT NULL,
  `designation` varchar(250) NOT NULL,
  `phone` varchar(25) NOT NULL,
  `location` varchar(150) NOT NULL,
  `client_status` varchar(20) NOT NULL,
  `lead_type` varchar(50) NOT NULL,
  `current_scenerio` varchar(500) NOT NULL,
  `expected_req` varchar(250) NOT NULL,
  `bussiness_value` varchar(100) NOT NULL,
  `lead_status` varchar(100) NOT NULL,
  `proposal` varchar(150) NOT NULL,
  `proposal_status` varchar(50) NOT NULL,
  `proposal_value` varchar(25) NOT NULL,
  `next_date` varchar(25) NOT NULL,
  `remarks` text NOT NULL,
  `po_no` varchar(150) NOT NULL,
  `po_value` varchar(150) NOT NULL,
  `payment` varchar(500) NOT NULL,
  `payment_method` varchar(1000) NOT NULL,
  `status` enum('0','1') NOT NULL DEFAULT '1'
) ENGINE=MyISAM AUTO_INCREMENT=4 DEFAULT CHARSET=latin1;

--
-- Dumping data for table `reports`
--

INSERT INTO `reports` (`id`, `ip`, `created_by`, `date`, `customer_name`, `contact_person`, `designation`, `phone`, `location`, `client_status`, `lead_type`, `current_scenerio`, `expected_req`, `bussiness_value`, `lead_status`, `proposal`, `proposal_status`, `proposal_value`, `next_date`, `remarks`, `po_no`, `po_value`, `payment`, `payment_method`, `status`) VALUES
(1, '::1', 'EMP003', '10-11-2014', 'C001', 'Vinay', 'Asst. Manager', '9090909090', 'Hyderabad', 'New', 'General', 'Product order in hold                                        ', '30 pipes', '30000', 'Cool', '', 'In Pipeline', '30000', '11-11-2014', 'None                                                   ', '', '', '12000', '', '1'),
(2, '::1', 'EMP003', '20-11-2014', 'C002', 'Babu', 'Clerk', '9090909090', 'Khammam', 'Existing', 'Customer Call', 'About Order', '5000 Pipes', '120000', 'Cool', '', 'Submitted', '80000', '25-11-2014', 'None                                        ', 'PO122014', '45000', '45000', '', '1'),
(3, '::1', 'EMP003', '21-11-2014', 'C001', 'Shravan', 'HR', '900090909', 'Vidyanagar', 'New', 'General', 'New                                        ', '4 pipes', '54000', 'Hot', '', 'In Pipeline', '50000', '12-12-2014', 'Cool                                        ', '', '', '0', '', '1');

-- --------------------------------------------------------

--
-- Table structure for table `rolls`
--

CREATE TABLE IF NOT EXISTS `rolls` (
  `roll_Id` int(11) NOT NULL,
  `roll` varchar(255) NOT NULL
) ENGINE=MyISAM AUTO_INCREMENT=11 DEFAULT CHARSET=latin1;

--
-- Dumping data for table `rolls`
--

INSERT INTO `rolls` (`roll_Id`, `roll`) VALUES
(1, 'Super Admin'),
(2, 'Admin'),
(3, 'Accounts Admin'),
(4, 'Sales & Marketing'),
(5, 'BD Admin');

-- --------------------------------------------------------

--
-- Table structure for table `sales`
--

CREATE TABLE IF NOT EXISTS `sales` (
  `saleId` int(11) NOT NULL,
  `proposalId` int(11) NOT NULL,
  `clientId` int(11) NOT NULL,
  `clientStatus` varchar(255) NOT NULL,
  `leadType` varchar(255) NOT NULL,
  `leadStatus` varchar(255) NOT NULL,
  `proposalValue` varchar(255) NOT NULL,
  `NextFutureDate` date NOT NULL,
  `remarks` text NOT NULL,
  `payment` varchar(255) NOT NULL,
  `addedBy` varchar(255) NOT NULL,
  `dateTime` datetime NOT NULL
) ENGINE=MyISAM DEFAULT CHARSET=latin1;

-- --------------------------------------------------------

--
-- Table structure for table `sales_expect_client`
--

CREATE TABLE IF NOT EXISTS `sales_expect_client` (
  `autoId` int(11) NOT NULL,
  `expectId` int(11) NOT NULL,
  `client` int(11) NOT NULL,
  `visitDate` date NOT NULL,
  `purposeVisit` varchar(255) NOT NULL,
  `expectedValue` varchar(255) NOT NULL,
  `remarks` text NOT NULL
) ENGINE=MyISAM DEFAULT CHARSET=latin1;

-- --------------------------------------------------------

--
-- Table structure for table `sales_expect_month`
--

CREATE TABLE IF NOT EXISTS `sales_expect_month` (
  `expectId` int(11) NOT NULL,
  `dateTime` datetime NOT NULL,
  `numClosing` int(11) NOT NULL
) ENGINE=MyISAM DEFAULT CHARSET=latin1;

-- --------------------------------------------------------

--
-- Table structure for table `sales_product`
--

CREATE TABLE IF NOT EXISTS `sales_product` (
  `autoId` int(11) NOT NULL,
  `saleId` int(11) NOT NULL,
  `category` int(11) NOT NULL,
  `modelNo` varchar(255) NOT NULL
) ENGINE=MyISAM DEFAULT CHARSET=latin1;

-- --------------------------------------------------------

--
-- Table structure for table `sales_proposal`
--

CREATE TABLE IF NOT EXISTS `sales_proposal` (
  `autoId` int(11) NOT NULL,
  `saleId` int(11) NOT NULL,
  `proposalStatus` varchar(255) NOT NULL
) ENGINE=MyISAM DEFAULT CHARSET=latin1;

-- --------------------------------------------------------

--
-- Table structure for table `services`
--

CREATE TABLE IF NOT EXISTS `services` (
  `serviceId` int(11) NOT NULL,
  `serialNumber` varchar(255) NOT NULL,
  `date` date NOT NULL,
  `customerName` varchar(255) NOT NULL,
  `product` varchar(255) NOT NULL,
  `category` int(11) NOT NULL,
  `modelNo` varchar(255) NOT NULL,
  `equipmentNo` varchar(255) NOT NULL,
  `quantity` varchar(255) NOT NULL,
  `complaint` text NOT NULL,
  `addedBy` int(11) NOT NULL,
  `engineer` varchar(255) NOT NULL,
  `remarks` text NOT NULL
) ENGINE=MyISAM AUTO_INCREMENT=20 DEFAULT CHARSET=latin1;

--
-- Dumping data for table `services`
--

INSERT INTO `services` (`serviceId`, `serialNumber`, `date`, `customerName`, `product`, `category`, `modelNo`, `equipmentNo`, `quantity`, `complaint`, `addedBy`, `engineer`, `remarks`) VALUES
(10, 'SR2', '2015-09-01', 'jeeva', 'pipes', 0, '100 - 500', 'pipe001', '30', 'winding test', 1, 'ravi kumar', ''),
(11, 'SR3', '2015-09-28', 'simha', 'get pump', 0, 'get123', '12g', '4', 'winding repair', 1, 'paul', ''),
(12, 'SR4', '2015-10-03', 'Natco Pharma', 'GATE VALVES', 0, 'SICCA 800-1500 ', '123abcxy', '2', 'copper wire burnt', 1, 'shravan', ''),
(13, 'SR5', '2015-10-27', 'suman goskula', 'pipes', 0, 'model554', 'eqp112', '10', 'Test', 1, 'senior engineer', ''),
(14, 'SR6', '2016-04-26', 'ramreddy', 'cri pumps', 0, 'MOTO785', 'cr878', '10', 'testing', 1, 'jagadish', ''),
(17, 'SR7', '2016-04-25', 'naresh', 'ddf', 13, 'dfdf', 'dfd', '34', 'fgfg', 1, 'fgfg', ''),
(18, 'SR8', '2016-04-27', 'tulasi', 'hhhh', 17, 'hhhh', 'hhhh', 'hhh', 'hhhh', 1, 'jagadish', '');

-- --------------------------------------------------------

--
-- Table structure for table `services_station`
--

CREATE TABLE IF NOT EXISTS `services_station` (
  `serviceId` int(11) NOT NULL,
  `serialNumber` varchar(255) NOT NULL,
  `date` date NOT NULL,
  `customerName` varchar(255) NOT NULL,
  `product` varchar(255) NOT NULL,
  `category` int(11) NOT NULL,
  `modelNo` varchar(255) NOT NULL,
  `equipmentNo` varchar(255) NOT NULL,
  `quantity` varchar(255) NOT NULL,
  `complaint` text NOT NULL,
  `addedBy` int(11) NOT NULL,
  `engineer` varchar(255) NOT NULL,
  `remarks` text NOT NULL
) ENGINE=MyISAM AUTO_INCREMENT=3 DEFAULT CHARSET=latin1;

--
-- Dumping data for table `services_station`
--

INSERT INTO `services_station` (`serviceId`, `serialNumber`, `date`, `customerName`, `product`, `category`, `modelNo`, `equipmentNo`, `quantity`, `complaint`, `addedBy`, `engineer`, `remarks`) VALUES
(1, 'SR9', '2016-06-17', 'test ', 'test', 14, 'test', 'test123', '2', 'test', 57, 'ashok', '');

-- --------------------------------------------------------

--
-- Table structure for table `service_station_status`
--

CREATE TABLE IF NOT EXISTS `service_station_status` (
  `serviceId` int(11) NOT NULL,
  `status` varchar(255) NOT NULL,
  `updatedOn` date NOT NULL,
  `statusId` int(11) NOT NULL,
  `remarks` text NOT NULL
) ENGINE=MyISAM AUTO_INCREMENT=6 DEFAULT CHARSET=latin1;

-- --------------------------------------------------------

--
-- Table structure for table `service_status`
--

CREATE TABLE IF NOT EXISTS `service_status` (
  `serviceId` int(11) NOT NULL,
  `status` varchar(255) NOT NULL,
  `updatedOn` date NOT NULL,
  `statusId` int(11) NOT NULL,
  `remarks` text NOT NULL
) ENGINE=MyISAM AUTO_INCREMENT=47 DEFAULT CHARSET=latin1;

--
-- Dumping data for table `service_status`
--

INSERT INTO `service_status` (`serviceId`, `status`, `updatedOn`, `statusId`, `remarks`) VALUES
(11, 'pending', '2015-09-28', 34, 'send to some company'),
(11, 'closed', '2015-09-28', 35, 'test'),
(10, 'open', '2015-09-25', 31, 'yet to be resolved'),
(10, 'pending', '2015-09-25', 32, 'issue wasnt closed yet'),
(11, 'open', '2015-09-28', 33, ''),
(12, 'open', '2015-10-06', 36, ''),
(12, 'closed', '2015-10-06', 37, '1 valve is fixed.'),
(13, 'open', '2015-10-27', 38, ''),
(14, 'open', '2016-04-26', 39, 'hi'),
(14, 'pending', '2016-04-26', 40, 'service parts required'),
(15, 'open', '2016-04-26', 41, ''),
(16, 'open', '2016-04-26', 42, ''),
(17, 'open', '2016-04-26', 43, 'hiii'),
(0, 'pending', '2016-04-26', 44, 'hiii'),
(17, 'open', '2016-04-27', 45, ''),
(18, 'open', '2016-04-27', 46, '');

-- --------------------------------------------------------

--
-- Table structure for table `stock`
--

CREATE TABLE IF NOT EXISTS `stock` (
  `stockId` int(11) NOT NULL,
  `lr` varchar(255) NOT NULL,
  `moc` varchar(255) NOT NULL,
  `date` date NOT NULL,
  `addedBy` int(11) NOT NULL,
  `dateTime` datetime NOT NULL,
  `invoiceNumber` varchar(255) NOT NULL,
  `invoiceAmount` varchar(255) NOT NULL,
  `vendorId` int(11) NOT NULL
) ENGINE=MyISAM AUTO_INCREMENT=102 DEFAULT CHARSET=latin1;

--
-- Dumping data for table `stock`
--

INSERT INTO `stock` (`stockId`, `lr`, `moc`, `date`, `addedBy`, `dateTime`, `invoiceNumber`, `invoiceAmount`, `vendorId`) VALUES
(97, 'lrintel', 'mocintel', '2015-10-31', 1, '2015-10-31 02:57:21', 'inteli1452', '401000', 5),
(96, 'lr27.2', 'moc27.2', '2015-10-27', 1, '2015-10-27 07:21:22', 'veninv27.2', '20000', 2),
(95, 'lr27', 'moc27', '2015-10-27', 1, '2015-10-27 06:29:47', 'veninv27.1', '50000', 4),
(92, 'lr1524', 'moc1524', '2015-10-21', 1, '2015-10-21 00:30:12', 'inv142536', '410000', 4),
(93, 'LR1234', 'MOC3224', '2015-10-27', 1, '2015-10-27 00:58:29', 'INV123', '1000000', 2),
(94, 'LR432', 'MOC448', '2015-10-27', 1, '2015-10-27 01:01:22', 'INV144', '200000', 1),
(98, '123', '251', '2015-11-05', 34, '2015-11-05 23:33:59', '113', '2000', 5),
(99, '1524', '1524', '2015-11-06', 1, '2015-11-05 23:35:08', '1425', '1425', 5),
(100, '859', '562', '2015-11-07', 7, '2015-11-07 04:47:25', 'p5263', '4000', 9),
(101, '256lr', '116', '2015-11-07', 7, '2015-11-07 04:59:22', '789', '1000', 9);

-- --------------------------------------------------------

--
-- Table structure for table `stock_products`
--

CREATE TABLE IF NOT EXISTS `stock_products` (
  `autoId` int(11) NOT NULL,
  `stockId` int(11) NOT NULL,
  `productId` int(11) NOT NULL,
  `quantity` varchar(255) NOT NULL
) ENGINE=MyISAM AUTO_INCREMENT=34 DEFAULT CHARSET=latin1;

--
-- Dumping data for table `stock_products`
--

INSERT INTO `stock_products` (`autoId`, `stockId`, `productId`, `quantity`) VALUES
(1, 22, 0, ''),
(2, 23, 56, '500'),
(3, 23, 55, '800'),
(4, 24, 55, '140'),
(5, 24, 56, '277'),
(6, 25, 55, '40'),
(7, 25, 56, '459'),
(8, 26, 64, '145'),
(9, 27, 0, ''),
(10, 28, 0, ''),
(11, 29, 0, ''),
(12, 89, 139, '50'),
(13, 89, 68, '200'),
(14, 90, 113, '450'),
(15, 91, 137, '1400'),
(16, 91, 139, '4000'),
(17, 91, 76, '2000'),
(18, 92, 129, '20'),
(19, 92, 78, '100'),
(20, 92, 105, '400'),
(21, 93, 126, '20'),
(22, 93, 114, '10'),
(23, 94, 136, '40'),
(24, 94, 103, '20'),
(25, 95, 130, '100'),
(26, 95, 55, '20'),
(27, 96, 128, '10'),
(28, 97, 129, '1000'),
(29, 97, 76, '500'),
(30, 98, 140, '2'),
(31, 99, 140, '1000'),
(32, 100, 140, '2'),
(33, 101, 144, '15');

-- --------------------------------------------------------

--
-- Table structure for table `targets`
--

CREATE TABLE IF NOT EXISTS `targets` (
  `targetId` int(11) NOT NULL,
  `employeeId` int(11) NOT NULL,
  `financialMonth` varchar(255) NOT NULL,
  `financialYear` varchar(255) NOT NULL,
  `target` varchar(255) NOT NULL
) ENGINE=MyISAM AUTO_INCREMENT=99 DEFAULT CHARSET=latin1;

--
-- Dumping data for table `targets`
--

INSERT INTO `targets` (`targetId`, `employeeId`, `financialMonth`, `financialYear`, `target`) VALUES
(1, 7, '', '2015-2016', '10000004'),
(2, 7, '', '2016-2017', '500000'),
(3, 24, '', '2015-2016', '1200000'),
(4, 28, '', '2015-2016', '4000000'),
(5, 33, '01', '2015-2016', '100000'),
(6, 33, '02', '2015-2016', '100000'),
(7, 33, '03', '2015-2016', '100000'),
(8, 33, '04', '2015-2016', '100000'),
(9, 33, '05', '2015-2016', '100000'),
(10, 33, '06', '2015-2016', '100000'),
(11, 33, '07', '2015-2016', '100000'),
(12, 33, '08', '2015-2016', '100000'),
(13, 33, '09', '2015-2016', '100000'),
(14, 33, '10', '2015-2016', '100000'),
(15, 33, '11', '2015-2016', '100000'),
(16, 33, '12', '2015-2016', '100000'),
(17, 21, '01', '2015-2016', '3333'),
(18, 21, '02', '2015-2016', '3333'),
(19, 21, '03', '2015-2016', '3333'),
(20, 21, '04', '2015-2016', '3333'),
(21, 21, '05', '2015-2016', '3333'),
(22, 21, '06', '2015-2016', '3333'),
(23, 21, '07', '2015-2016', ''),
(24, 21, '08', '2015-2016', '3333'),
(25, 21, '09', '2015-2016', '3333'),
(26, 21, '10', '2015-2016', '8495'),
(27, 21, '11', '2015-2016', ''),
(28, 21, '12', '2015-2016', '3333'),
(29, 28, '01', '2015-2016', '100000'),
(30, 28, '02', '2015-2016', '100000'),
(31, 28, '03', '2015-2016', '444'),
(32, 28, '04', '2015-2016', '100000'),
(33, 28, '05', '2015-2016', '100000'),
(34, 28, '06', '2015-2016', '100000'),
(35, 28, '07', '2015-2016', '100000'),
(36, 28, '08', '2015-2016', '120000'),
(37, 28, '09', '2015-2016', '74'),
(38, 28, '10', '2015-2016', '1526'),
(39, 28, '11', '2015-2016', '100000'),
(40, 28, '12', '2015-2016', '100000'),
(41, 34, '01', '2015-2016', '6666'),
(42, 34, '02', '2015-2016', '6666'),
(43, 34, '03', '2015-2016', '6666'),
(44, 34, '04', '2015-2016', '6666'),
(45, 34, '05', '2015-2016', '6666'),
(46, 34, '06', '2015-2016', '6666'),
(47, 34, '07', '2015-2016', '6666'),
(48, 34, '08', '2015-2016', '6666'),
(49, 34, '09', '2015-2016', '6666'),
(50, 34, '10', '2015-2016', '6666'),
(51, 34, '11', '2015-2016', '104000'),
(52, 34, '12', '2015-2016', '6666'),
(53, 29, '01', '2015-2016', '16666'),
(54, 29, '02', '2015-2016', '16666'),
(55, 29, '03', '2015-2016', '16666'),
(56, 29, '04', '2015-2016', '16666'),
(57, 29, '05', '2015-2016', '16666'),
(58, 29, '06', '2015-2016', '16666'),
(59, 29, '07', '2015-2016', '16666'),
(60, 29, '08', '2015-2016', '16666'),
(61, 29, '09', '2015-2016', '16666'),
(62, 29, '10', '2015-2016', '16666'),
(63, 29, '11', '2015-2016', '16666'),
(64, 29, '12', '2015-2016', '16666'),
(79, 1, '04', '2015-2016', '20'),
(78, 17, '04', '2015-2016', '10'),
(70, 17, '06', '2015-2016', '0'),
(71, 17, '07', '2015-2016', '0'),
(72, 17, '08', '2015-2016', '0'),
(73, 17, '11', '2015-2016', '0'),
(74, 17, '10', '2015-2016', '0'),
(77, 17, '05', '2015-2016', '1041'),
(80, 0, '06', '2017-2018', '1414'),
(81, 7, '09', '2015-2016', '152635'),
(82, 7, '11', '2015-2016', '1414'),
(83, 0, '06', '2016-2017', '23333'),
(84, 0, '09', '2016-2017', '444444444444444'),
(85, 0, '05', '2017-2018', '1526'),
(86, 7, '05', '2018-2019', '142536'),
(87, 7, '06', '2018-2019', '111'),
(88, 42, '09', '2015-2016', '100000'),
(89, 42, '12', '2015-2016', '20000'),
(90, 42, '11', '2015-2016', '40000'),
(91, 42, '11', '2015-2016', '40000'),
(92, 34, '06', '2016-2017', '500000'),
(93, 34, '07', '2016-2017', '200000'),
(94, 60, '06', '2016-2017', '100000'),
(95, 60, '07', '2016-2017', '200000'),
(96, 60, '08', '2016-2017', '300000'),
(97, 60, '09', '2016-2017', '400000'),
(98, 60, '09', '2016-2017', '400000');

-- --------------------------------------------------------

--
-- Table structure for table `teams`
--

CREATE TABLE IF NOT EXISTS `teams` (
  `teamId` int(11) NOT NULL,
  `teamName` varchar(255) COLLATE utf8_unicode_ci NOT NULL,
  `teamLeaderId` int(11) NOT NULL,
  `dateTime` datetime NOT NULL
) ENGINE=MyISAM AUTO_INCREMENT=4 DEFAULT CHARSET=utf8 COLLATE=utf8_unicode_ci;

--
-- Dumping data for table `teams`
--

INSERT INTO `teams` (`teamId`, `teamName`, `teamLeaderId`, `dateTime`) VALUES
(2, '', 34, '2015-11-03 04:47:45'),
(3, '', 40, '2015-11-04 03:04:22');

-- --------------------------------------------------------

--
-- Table structure for table `team_members`
--

CREATE TABLE IF NOT EXISTS `team_members` (
  `teamMemberId` int(11) NOT NULL,
  `teamId` int(11) NOT NULL,
  `memberId` int(11) NOT NULL,
  `dateTime` datetime NOT NULL
) ENGINE=MyISAM AUTO_INCREMENT=17 DEFAULT CHARSET=utf8 COLLATE=utf8_unicode_ci;

--
-- Dumping data for table `team_members`
--

INSERT INTO `team_members` (`teamMemberId`, `teamId`, `memberId`, `dateTime`) VALUES
(4, 2, 38, '2015-11-03 10:47:45'),
(3, 2, 7, '2015-11-03 04:47:45'),
(15, 3, 49, '2015-11-18 04:08:49'),
(16, 3, 45, '2015-11-18 04:08:49');

-- --------------------------------------------------------

--
-- Table structure for table `vendors`
--

CREATE TABLE IF NOT EXISTS `vendors` (
  `vendorId` int(11) NOT NULL,
  `company` varchar(255) COLLATE utf8_unicode_ci NOT NULL,
  `contactPerson` varchar(255) COLLATE utf8_unicode_ci NOT NULL,
  `designation` varchar(255) COLLATE utf8_unicode_ci NOT NULL,
  `email` varchar(255) COLLATE utf8_unicode_ci NOT NULL,
  `phone` varchar(255) COLLATE utf8_unicode_ci NOT NULL,
  `address` text COLLATE utf8_unicode_ci NOT NULL,
  `dateTime` datetime NOT NULL,
  `addedBy` int(11) NOT NULL
) ENGINE=MyISAM AUTO_INCREMENT=10 DEFAULT CHARSET=utf8 COLLATE=utf8_unicode_ci;

--
-- Dumping data for table `vendors`
--

INSERT INTO `vendors` (`vendorId`, `company`, `contactPerson`, `designation`, `email`, `phone`, `address`, `dateTime`, `addedBy`) VALUES
(1, 'Varun Motors', 'Sujith', '', 'sujith.varun@gmail.com', '9866565544', 'Varun Towers,', '2015-10-19 07:43:46', 1),
(2, 'Sprite Industries Ltd', 'Kishore', 'HR Manager', 'kishore.sprite@gmail.com', '9553355333', 'hyderabad.', '2015-10-19 07:51:16', 1),
(3, 'Kishore Consultancy Ltd', 'Ulthaf', 'Manager', 'ultaf.kishore@gmail.com', '77993435224', 'Karim Nagar', '2015-10-19 07:58:52', 1),
(4, 'Limca Org', 'Rajesh Kumar', 'Senior Associate', 'rajesh.limca@gmail.com', '9848024432', 'Secundrabad', '2015-10-19 08:01:09', 1),
(5, 'INTELLI GROUPS', 'Raman', 'Senior Manager', 'raman.intelli@gmail.com', '9000332453', 'Hyderabad', '2015-10-29 05:31:32', 1),
(6, 'Bharathi Cement Ltd', 'raj', 'HR Manager', 'raj.bharathi@gmail.com', '8008546434', 'Bangalore', '2015-10-29 05:33:18', 1),
(7, 'Ramco Cement Ltd', 'Lavan', 'Manager', 'lavan.ramco@gmail.com', '7799123343', 'Gujarath', '2015-10-29 05:34:39', 1),
(8, 'Anjali Groups ', 'Anji', 'Senior Manager', 'anji.anjali@gmail.com', '9849091234', 'HYderabad', '2015-10-29 05:37:14', 1),
(9, 'KSB Pumps Ltd', 'Nair', 'Purchase Head', 'nair.purchase@ksb.co.in', '9885498762', 'Bangalore', '2015-10-30 09:09:08', 1);

-- --------------------------------------------------------

--
-- Table structure for table `vendors_invoices`
--

CREATE TABLE IF NOT EXISTS `vendors_invoices` (
  `vendorsInvoiceId` int(11) NOT NULL,
  `vendorsInvoice` varchar(255) COLLATE utf8_unicode_ci NOT NULL,
  `invoiceNumber` varchar(255) COLLATE utf8_unicode_ci NOT NULL,
  `invoiceAmount` varchar(255) COLLATE utf8_unicode_ci NOT NULL,
  `invoiceDate` date NOT NULL,
  `dueDate` date NOT NULL,
  `lrNumber` varchar(255) COLLATE utf8_unicode_ci NOT NULL,
  `quantity` varchar(255) COLLATE utf8_unicode_ci NOT NULL,
  `addedBy` int(11) NOT NULL,
  `paymentStatus` int(11) NOT NULL
) ENGINE=MyISAM AUTO_INCREMENT=17 DEFAULT CHARSET=utf8 COLLATE=utf8_unicode_ci;

--
-- Dumping data for table `vendors_invoices`
--

INSERT INTO `vendors_invoices` (`vendorsInvoiceId`, `vendorsInvoice`, `invoiceNumber`, `invoiceAmount`, `invoiceDate`, `dueDate`, `lrNumber`, `quantity`, `addedBy`, `paymentStatus`) VALUES
(14, '3', 'INV2124', '3400', '2015-10-20', '2015-10-27', 'LR012', '20', 1, 0),
(15, '2', 'INV3232', '20000', '2015-10-20', '2015-10-27', 'LR984', '8', 1, 0);

-- --------------------------------------------------------

--
-- Table structure for table `vendor_payment`
--

CREATE TABLE IF NOT EXISTS `vendor_payment` (
  `paymentId` int(11) NOT NULL,
  `invoiceId` int(11) NOT NULL,
  `paymentType` int(11) NOT NULL,
  `amount` varchar(255) COLLATE utf8_unicode_ci NOT NULL,
  `paidDate` date NOT NULL,
  `dateTime` datetime NOT NULL,
  `addedBy` int(11) NOT NULL
) ENGINE=MyISAM AUTO_INCREMENT=33 DEFAULT CHARSET=utf8 COLLATE=utf8_unicode_ci;

--
-- Dumping data for table `vendor_payment`
--

INSERT INTO `vendor_payment` (`paymentId`, `invoiceId`, `paymentType`, `amount`, `paidDate`, `dateTime`, `addedBy`) VALUES
(31, 97, 5, '67676', '2015-10-31', '2015-10-31 04:08:26', 1),
(32, 97, 6, '331324', '2015-10-31', '2015-10-31 04:26:34', 1),
(26, 97, 6, '2000', '0000-00-00', '2015-10-31 03:22:15', 1),
(18, 95, 2, '10000', '2015-10-27', '2015-10-27 07:12:00', 1),
(20, 95, 3, '20000', '2015-10-27', '2015-10-27 07:13:20', 1),
(23, 96, 2, '10000', '2015-10-27', '2015-10-27 07:27:57', 1),
(24, 96, 2, '10000', '2015-10-27', '2015-10-27 07:36:28', 1);

--
-- Indexes for dumped tables
--

--
-- Indexes for table `actionplans`
--
ALTER TABLE `actionplans`
  ADD PRIMARY KEY (`planId`);

--
-- Indexes for table `available_stock`
--
ALTER TABLE `available_stock`
  ADD PRIMARY KEY (`autoId`);

--
-- Indexes for table `branches`
--
ALTER TABLE `branches`
  ADD PRIMARY KEY (`branchId`);

--
-- Indexes for table `brands`
--
ALTER TABLE `brands`
  ADD PRIMARY KEY (`id`);

--
-- Indexes for table `categories`
--
ALTER TABLE `categories`
  ADD PRIMARY KEY (`id`);

--
-- Indexes for table `category_brands`
--
ALTER TABLE `category_brands`
  ADD PRIMARY KEY (`autoId`);

--
-- Indexes for table `collections`
--
ALTER TABLE `collections`
  ADD PRIMARY KEY (`id`);

--
-- Indexes for table `customers`
--
ALTER TABLE `customers`
  ADD PRIMARY KEY (`customerId`);

--
-- Indexes for table `c_form`
--
ALTER TABLE `c_form`
  ADD PRIMARY KEY (`cformId`);

--
-- Indexes for table `daily_reports`
--
ALTER TABLE `daily_reports`
  ADD PRIMARY KEY (`reportId`);

--
-- Indexes for table `daily_reports_data`
--
ALTER TABLE `daily_reports_data`
  ADD PRIMARY KEY (`id`);

--
-- Indexes for table `daily_reports_revision`
--
ALTER TABLE `daily_reports_revision`
  ADD PRIMARY KEY (`revisionId`);

--
-- Indexes for table `daily_report_authorization`
--
ALTER TABLE `daily_report_authorization`
  ADD PRIMARY KEY (`autoId`);

--
-- Indexes for table `dispatch`
--
ALTER TABLE `dispatch`
  ADD PRIMARY KEY (`dispatchedId`);

--
-- Indexes for table `dispatch_items`
--
ALTER TABLE `dispatch_items`
  ADD PRIMARY KEY (`dispatchItemId`);

--
-- Indexes for table `employees`
--
ALTER TABLE `employees`
  ADD PRIMARY KEY (`id`), ADD UNIQUE KEY `username` (`userName`);

--
-- Indexes for table `employee_image`
--
ALTER TABLE `employee_image`
  ADD PRIMARY KEY (`imageId`);

--
-- Indexes for table `enquiries`
--
ALTER TABLE `enquiries`
  ADD PRIMARY KEY (`enquiryId`);

--
-- Indexes for table `enquiry_assign`
--
ALTER TABLE `enquiry_assign`
  ADD PRIMARY KEY (`eaId`);

--
-- Indexes for table `enquiry_products`
--
ALTER TABLE `enquiry_products`
  ADD PRIMARY KEY (`epId`);

--
-- Indexes for table `expected_collections`
--
ALTER TABLE `expected_collections`
  ADD PRIMARY KEY (`expectedId`);

--
-- Indexes for table `expected_sales`
--
ALTER TABLE `expected_sales`
  ADD PRIMARY KEY (`expectedSaleId`);

--
-- Indexes for table `final_payments`
--
ALTER TABLE `final_payments`
  ADD PRIMARY KEY (`id`);

--
-- Indexes for table `forgotpwd`
--
ALTER TABLE `forgotpwd`
  ADD PRIMARY KEY (`autoId`);

--
-- Indexes for table `invoices`
--
ALTER TABLE `invoices`
  ADD PRIMARY KEY (`invoiceId`);

--
-- Indexes for table `invoice_data`
--
ALTER TABLE `invoice_data`
  ADD PRIMARY KEY (`id`);

--
-- Indexes for table `months`
--
ALTER TABLE `months`
  ADD PRIMARY KEY (`id`);

--
-- Indexes for table `month_plan`
--
ALTER TABLE `month_plan`
  ADD PRIMARY KEY (`id`);

--
-- Indexes for table `orders`
--
ALTER TABLE `orders`
  ADD PRIMARY KEY (`id`);

--
-- Indexes for table `order_status`
--
ALTER TABLE `order_status`
  ADD PRIMARY KEY (`statusId`);

--
-- Indexes for table `payments`
--
ALTER TABLE `payments`
  ADD PRIMARY KEY (`id`);

--
-- Indexes for table `products`
--
ALTER TABLE `products`
  ADD PRIMARY KEY (`productId`), ADD UNIQUE KEY `productNumber` (`productNumber`);

--
-- Indexes for table `product_acp_sheets`
--
ALTER TABLE `product_acp_sheets`
  ADD PRIMARY KEY (`autoId`);

--
-- Indexes for table `product_acrylic_solid_surface_sheets`
--
ALTER TABLE `product_acrylic_solid_surface_sheets`
  ADD PRIMARY KEY (`autoId`);

--
-- Indexes for table `product_adhesives`
--
ALTER TABLE `product_adhesives`
  ADD PRIMARY KEY (`autoId`);

--
-- Indexes for table `product_polyurethanes`
--
ALTER TABLE `product_polyurethanes`
  ADD PRIMARY KEY (`autoId`);

--
-- Indexes for table `product_price`
--
ALTER TABLE `product_price`
  ADD PRIMARY KEY (`autoId`);

--
-- Indexes for table `proposals`
--
ALTER TABLE `proposals`
  ADD PRIMARY KEY (`proposalId`);

--
-- Indexes for table `reports`
--
ALTER TABLE `reports`
  ADD PRIMARY KEY (`id`), ADD KEY `customer_name` (`customer_name`);

--
-- Indexes for table `rolls`
--
ALTER TABLE `rolls`
  ADD PRIMARY KEY (`roll_Id`);

--
-- Indexes for table `sales`
--
ALTER TABLE `sales`
  ADD PRIMARY KEY (`saleId`);

--
-- Indexes for table `sales_expect_client`
--
ALTER TABLE `sales_expect_client`
  ADD PRIMARY KEY (`autoId`);

--
-- Indexes for table `sales_expect_month`
--
ALTER TABLE `sales_expect_month`
  ADD PRIMARY KEY (`expectId`);

--
-- Indexes for table `sales_product`
--
ALTER TABLE `sales_product`
  ADD PRIMARY KEY (`autoId`);

--
-- Indexes for table `sales_proposal`
--
ALTER TABLE `sales_proposal`
  ADD PRIMARY KEY (`autoId`);

--
-- Indexes for table `services`
--
ALTER TABLE `services`
  ADD PRIMARY KEY (`serviceId`);

--
-- Indexes for table `services_station`
--
ALTER TABLE `services_station`
  ADD PRIMARY KEY (`serviceId`);

--
-- Indexes for table `service_station_status`
--
ALTER TABLE `service_station_status`
  ADD PRIMARY KEY (`statusId`);

--
-- Indexes for table `service_status`
--
ALTER TABLE `service_status`
  ADD PRIMARY KEY (`statusId`);

--
-- Indexes for table `stock`
--
ALTER TABLE `stock`
  ADD PRIMARY KEY (`stockId`);

--
-- Indexes for table `stock_products`
--
ALTER TABLE `stock_products`
  ADD PRIMARY KEY (`autoId`);

--
-- Indexes for table `targets`
--
ALTER TABLE `targets`
  ADD PRIMARY KEY (`targetId`);

--
-- Indexes for table `teams`
--
ALTER TABLE `teams`
  ADD PRIMARY KEY (`teamId`);

--
-- Indexes for table `team_members`
--
ALTER TABLE `team_members`
  ADD PRIMARY KEY (`teamMemberId`);

--
-- Indexes for table `vendors`
--
ALTER TABLE `vendors`
  ADD PRIMARY KEY (`vendorId`);

--
-- Indexes for table `vendors_invoices`
--
ALTER TABLE `vendors_invoices`
  ADD PRIMARY KEY (`vendorsInvoiceId`);

--
-- Indexes for table `vendor_payment`
--
ALTER TABLE `vendor_payment`
  ADD PRIMARY KEY (`paymentId`);

--
-- AUTO_INCREMENT for dumped tables
--

--
-- AUTO_INCREMENT for table `actionplans`
--
ALTER TABLE `actionplans`
  MODIFY `planId` int(11) NOT NULL AUTO_INCREMENT,AUTO_INCREMENT=28;
--
-- AUTO_INCREMENT for table `available_stock`
--
ALTER TABLE `available_stock`
  MODIFY `autoId` int(11) NOT NULL AUTO_INCREMENT,AUTO_INCREMENT=133;
--
-- AUTO_INCREMENT for table `branches`
--
ALTER TABLE `branches`
  MODIFY `branchId` int(11) NOT NULL AUTO_INCREMENT,AUTO_INCREMENT=5;
--
-- AUTO_INCREMENT for table `brands`
--
ALTER TABLE `brands`
  MODIFY `id` int(11) NOT NULL AUTO_INCREMENT,AUTO_INCREMENT=25;
--
-- AUTO_INCREMENT for table `categories`
--
ALTER TABLE `categories`
  MODIFY `id` int(11) NOT NULL AUTO_INCREMENT,AUTO_INCREMENT=30;
--
-- AUTO_INCREMENT for table `category_brands`
--
ALTER TABLE `category_brands`
  MODIFY `autoId` int(11) NOT NULL AUTO_INCREMENT,AUTO_INCREMENT=35;
--
-- AUTO_INCREMENT for table `collections`
--
ALTER TABLE `collections`
  MODIFY `id` int(11) NOT NULL AUTO_INCREMENT,AUTO_INCREMENT=97;
--
-- AUTO_INCREMENT for table `customers`
--
ALTER TABLE `customers`
  MODIFY `customerId` int(11) NOT NULL AUTO_INCREMENT,AUTO_INCREMENT=47;
--
-- AUTO_INCREMENT for table `c_form`
--
ALTER TABLE `c_form`
  MODIFY `cformId` int(11) NOT NULL AUTO_INCREMENT,AUTO_INCREMENT=10;
--
-- AUTO_INCREMENT for table `daily_reports`
--
ALTER TABLE `daily_reports`
  MODIFY `reportId` int(11) NOT NULL AUTO_INCREMENT,AUTO_INCREMENT=138;
--
-- AUTO_INCREMENT for table `daily_reports_data`
--
ALTER TABLE `daily_reports_data`
  MODIFY `id` int(11) NOT NULL AUTO_INCREMENT,AUTO_INCREMENT=274;
--
-- AUTO_INCREMENT for table `daily_reports_revision`
--
ALTER TABLE `daily_reports_revision`
  MODIFY `revisionId` int(11) NOT NULL AUTO_INCREMENT,AUTO_INCREMENT=109;
--
-- AUTO_INCREMENT for table `daily_report_authorization`
--
ALTER TABLE `daily_report_authorization`
  MODIFY `autoId` int(11) NOT NULL AUTO_INCREMENT,AUTO_INCREMENT=40;
--
-- AUTO_INCREMENT for table `dispatch`
--
ALTER TABLE `dispatch`
  MODIFY `dispatchedId` int(11) NOT NULL AUTO_INCREMENT,AUTO_INCREMENT=76;
--
-- AUTO_INCREMENT for table `dispatch_items`
--
ALTER TABLE `dispatch_items`
  MODIFY `dispatchItemId` int(11) NOT NULL AUTO_INCREMENT,AUTO_INCREMENT=58;
--
-- AUTO_INCREMENT for table `employees`
--
ALTER TABLE `employees`
  MODIFY `id` int(11) NOT NULL AUTO_INCREMENT,AUTO_INCREMENT=62;
--
-- AUTO_INCREMENT for table `employee_image`
--
ALTER TABLE `employee_image`
  MODIFY `imageId` int(11) NOT NULL AUTO_INCREMENT,AUTO_INCREMENT=24;
--
-- AUTO_INCREMENT for table `enquiries`
--
ALTER TABLE `enquiries`
  MODIFY `enquiryId` int(11) NOT NULL AUTO_INCREMENT,AUTO_INCREMENT=15;
--
-- AUTO_INCREMENT for table `enquiry_assign`
--
ALTER TABLE `enquiry_assign`
  MODIFY `eaId` int(11) NOT NULL AUTO_INCREMENT,AUTO_INCREMENT=11;
--
-- AUTO_INCREMENT for table `enquiry_products`
--
ALTER TABLE `enquiry_products`
  MODIFY `epId` int(11) NOT NULL AUTO_INCREMENT,AUTO_INCREMENT=18;
--
-- AUTO_INCREMENT for table `expected_collections`
--
ALTER TABLE `expected_collections`
  MODIFY `expectedId` int(11) NOT NULL AUTO_INCREMENT,AUTO_INCREMENT=14;
--
-- AUTO_INCREMENT for table `expected_sales`
--
ALTER TABLE `expected_sales`
  MODIFY `expectedSaleId` int(11) NOT NULL AUTO_INCREMENT,AUTO_INCREMENT=27;
--
-- AUTO_INCREMENT for table `final_payments`
--
ALTER TABLE `final_payments`
  MODIFY `id` int(11) NOT NULL AUTO_INCREMENT,AUTO_INCREMENT=19;
--
-- AUTO_INCREMENT for table `forgotpwd`
--
ALTER TABLE `forgotpwd`
  MODIFY `autoId` int(11) NOT NULL AUTO_INCREMENT,AUTO_INCREMENT=8;
--
-- AUTO_INCREMENT for table `invoices`
--
ALTER TABLE `invoices`
  MODIFY `invoiceId` int(11) NOT NULL AUTO_INCREMENT,AUTO_INCREMENT=47;
--
-- AUTO_INCREMENT for table `invoice_data`
--
ALTER TABLE `invoice_data`
  MODIFY `id` int(11) NOT NULL AUTO_INCREMENT,AUTO_INCREMENT=30;
--
-- AUTO_INCREMENT for table `months`
--
ALTER TABLE `months`
  MODIFY `id` int(11) NOT NULL AUTO_INCREMENT,AUTO_INCREMENT=13;
--
-- AUTO_INCREMENT for table `month_plan`
--
ALTER TABLE `month_plan`
  MODIFY `id` int(11) NOT NULL AUTO_INCREMENT,AUTO_INCREMENT=3;
--
-- AUTO_INCREMENT for table `orders`
--
ALTER TABLE `orders`
  MODIFY `id` int(11) NOT NULL AUTO_INCREMENT,AUTO_INCREMENT=52;
--
-- AUTO_INCREMENT for table `order_status`
--
ALTER TABLE `order_status`
  MODIFY `statusId` int(11) NOT NULL AUTO_INCREMENT,AUTO_INCREMENT=8;
--
-- AUTO_INCREMENT for table `payments`
--
ALTER TABLE `payments`
  MODIFY `id` int(11) NOT NULL AUTO_INCREMENT,AUTO_INCREMENT=32;
--
-- AUTO_INCREMENT for table `products`
--
ALTER TABLE `products`
  MODIFY `productId` int(11) NOT NULL AUTO_INCREMENT,AUTO_INCREMENT=145;
--
-- AUTO_INCREMENT for table `product_acp_sheets`
--
ALTER TABLE `product_acp_sheets`
  MODIFY `autoId` int(11) NOT NULL AUTO_INCREMENT,AUTO_INCREMENT=5;
--
-- AUTO_INCREMENT for table `product_acrylic_solid_surface_sheets`
--
ALTER TABLE `product_acrylic_solid_surface_sheets`
  MODIFY `autoId` int(11) NOT NULL AUTO_INCREMENT,AUTO_INCREMENT=5;
--
-- AUTO_INCREMENT for table `product_adhesives`
--
ALTER TABLE `product_adhesives`
  MODIFY `autoId` int(11) NOT NULL AUTO_INCREMENT,AUTO_INCREMENT=5;
--
-- AUTO_INCREMENT for table `product_polyurethanes`
--
ALTER TABLE `product_polyurethanes`
  MODIFY `autoId` int(11) NOT NULL AUTO_INCREMENT,AUTO_INCREMENT=22;
--
-- AUTO_INCREMENT for table `product_price`
--
ALTER TABLE `product_price`
  MODIFY `autoId` int(11) NOT NULL AUTO_INCREMENT,AUTO_INCREMENT=142;
--
-- AUTO_INCREMENT for table `proposals`
--
ALTER TABLE `proposals`
  MODIFY `proposalId` int(11) NOT NULL AUTO_INCREMENT,AUTO_INCREMENT=3;
--
-- AUTO_INCREMENT for table `reports`
--
ALTER TABLE `reports`
  MODIFY `id` int(11) NOT NULL AUTO_INCREMENT,AUTO_INCREMENT=4;
--
-- AUTO_INCREMENT for table `rolls`
--
ALTER TABLE `rolls`
  MODIFY `roll_Id` int(11) NOT NULL AUTO_INCREMENT,AUTO_INCREMENT=11;
--
-- AUTO_INCREMENT for table `sales`
--
ALTER TABLE `sales`
  MODIFY `saleId` int(11) NOT NULL AUTO_INCREMENT;
--
-- AUTO_INCREMENT for table `sales_expect_client`
--
ALTER TABLE `sales_expect_client`
  MODIFY `autoId` int(11) NOT NULL AUTO_INCREMENT;
--
-- AUTO_INCREMENT for table `sales_expect_month`
--
ALTER TABLE `sales_expect_month`
  MODIFY `expectId` int(11) NOT NULL AUTO_INCREMENT;
--
-- AUTO_INCREMENT for table `sales_product`
--
ALTER TABLE `sales_product`
  MODIFY `autoId` int(11) NOT NULL AUTO_INCREMENT;
--
-- AUTO_INCREMENT for table `sales_proposal`
--
ALTER TABLE `sales_proposal`
  MODIFY `autoId` int(11) NOT NULL AUTO_INCREMENT;
--
-- AUTO_INCREMENT for table `services`
--
ALTER TABLE `services`
  MODIFY `serviceId` int(11) NOT NULL AUTO_INCREMENT,AUTO_INCREMENT=20;
--
-- AUTO_INCREMENT for table `services_station`
--
ALTER TABLE `services_station`
  MODIFY `serviceId` int(11) NOT NULL AUTO_INCREMENT,AUTO_INCREMENT=3;
--
-- AUTO_INCREMENT for table `service_station_status`
--
ALTER TABLE `service_station_status`
  MODIFY `statusId` int(11) NOT NULL AUTO_INCREMENT,AUTO_INCREMENT=6;
--
-- AUTO_INCREMENT for table `service_status`
--
ALTER TABLE `service_status`
  MODIFY `statusId` int(11) NOT NULL AUTO_INCREMENT,AUTO_INCREMENT=47;
--
-- AUTO_INCREMENT for table `stock`
--
ALTER TABLE `stock`
  MODIFY `stockId` int(11) NOT NULL AUTO_INCREMENT,AUTO_INCREMENT=102;
--
-- AUTO_INCREMENT for table `stock_products`
--
ALTER TABLE `stock_products`
  MODIFY `autoId` int(11) NOT NULL AUTO_INCREMENT,AUTO_INCREMENT=34;
--
-- AUTO_INCREMENT for table `targets`
--
ALTER TABLE `targets`
  MODIFY `targetId` int(11) NOT NULL AUTO_INCREMENT,AUTO_INCREMENT=99;
--
-- AUTO_INCREMENT for table `teams`
--
ALTER TABLE `teams`
  MODIFY `teamId` int(11) NOT NULL AUTO_INCREMENT,AUTO_INCREMENT=4;
--
-- AUTO_INCREMENT for table `team_members`
--
ALTER TABLE `team_members`
  MODIFY `teamMemberId` int(11) NOT NULL AUTO_INCREMENT,AUTO_INCREMENT=17;
--
-- AUTO_INCREMENT for table `vendors`
--
ALTER TABLE `vendors`
  MODIFY `vendorId` int(11) NOT NULL AUTO_INCREMENT,AUTO_INCREMENT=10;
--
-- AUTO_INCREMENT for table `vendors_invoices`
--
ALTER TABLE `vendors_invoices`
  MODIFY `vendorsInvoiceId` int(11) NOT NULL AUTO_INCREMENT,AUTO_INCREMENT=17;
--
-- AUTO_INCREMENT for table `vendor_payment`
--
ALTER TABLE `vendor_payment`
  MODIFY `paymentId` int(11) NOT NULL AUTO_INCREMENT,AUTO_INCREMENT=33;
/*!40101 SET CHARACTER_SET_CLIENT=@OLD_CHARACTER_SET_CLIENT */;
/*!40101 SET CHARACTER_SET_RESULTS=@OLD_CHARACTER_SET_RESULTS */;
/*!40101 SET COLLATION_CONNECTION=@OLD_COLLATION_CONNECTION */;
